NAME,MASS,RADIUS,ORB_PERIOD,ECCENTRICITY
Kepler-107 d,0.00371234,0.095459,7.958203,
WASP-14 b,7.69234,1.281,2.243752,0.091
Kepler-50 b,0.0164915,0.196096,7.8125124,
NN Ser d,0.642621,,2605,0.05
Kepler-20 b,0.0266646,0.170247,3.6961219,0
HAT-P-27 b,0.617485,1.02,3.039577,0
Kepler-181 b,0.00674351,0.113302,3.137873,
HD 116029 b,1.9075,,670,0
Kepler-207 b,0.0117295,0.140066,1.611865,
HD 219828 b,0.0622185,,3.8334999,0
Kepler-11 c,0.00912437,0.255816,13.0241,0.0256125
HD 1237 b,3.3748,,133.71001,0.511
WASP-21 b,0.300272,1.07,4.322482,0
Kepler-284 c,0.0210192,0.232849,37.514456,
Kepler-186 c,0.00636705,0.111418,7.267302,0.03
HD 4308 b,0.0477376,,15.56,0
Kepler-239 b,0.0177874,0.207869,11.763051,
Kepler-174 b,0.014454,0.174859,13.98179,
Kepler-224 d,0.0174811,0.205192,11.349393,
Kepler-389 c,0.0107805,0.130252,14.51143,
Kepler-254 c,0.0160511,0.19181,12.412183,
Kepler-236 c,0.0147725,0.178428,23.968127,
WASP-25 b,0.57847,1.22,3.764825,0
Kepler-186 d,0.00934866,0.12479,13.342996,0.03
HD 24040 b,4.02189,,3668,0.04
Kepler-359 c,0.0607789,0.38362,57.68802,
Kepler-211 c,0.00711292,0.115086,6.04045,
Kepler-294 c,0.0223552,0.24177,6.6264,
Kepler-263 c,0.019315,0.220359,47.332773,
Kepler-349 b,0.0139923,0.169507,5.929778,
HD 200964 b,1.94873,,613.8,0.04
HD 147018 b,2.12711,,44.236,0.4686
HD 218566 b,0.212872,,225.7,0.3
HD 45364 b,0.187149,,226.93,0.1684
Kepler-361 b,0.010538,0.12936,8.486616,
Kepler-318 c,0.0419521,0.328308,11.815007,
Kepler-372 b,0.00850717,0.121331,6.849692,
Kepler-197 e,0.00208313,0.0811848,25.209715,
HD 141937 b,9.4752,,653.21997,0.41
Kepler-405 c,0.071727,0.415737,29.726682,
Kepler-104 d,0.0392746,0.319386,51.755394,
Kepler-26 d,0.00371234,0.095459,3.543919,
Kepler-159 b,0.0183139,0.212329,10.139623,
HD 156668 b,0.0130582,,4.6455,0
MOA-2009-BLG-387L b,2.6,,1970,
Kepler-32 f,0.00143611,0.0730903,0.74296,0
WASP-103 b,1.48791,1.528,0.925542,0
Kepler-221 e,0.0212781,0.234633,18.369917,
Kepler-256 c,0.0160511,0.19181,3.38802,
GJ 649 b,0.325341,,598.3,0.3
Kepler-276 b,0.0247188,0.256044,14.12841,
Kepler-264 c,0.0241007,0.252476,140.101261,
HD 132406 b,5.60495,,974,0.34
Kepler-143 b,0.0186399,0.215006,16.007583,
Kepler-189 c,0.0183139,0.212329,20.134866,
HD 38529 c,12.2603,,2146.0503,0.355094
Kepler-62 b,0,0.116766,5.714932,0.0707107
Kepler-281 b,0.0239491,0.251584,14.646008,
Kepler-196 c,0.0168894,0.199839,47.427737,
Kepler-238 c,0.0184218,0.213222,6.155557,
Kepler-49 c,0.0202381,0.227293,10.9129343,
Kepler-55 c,0.016585,0.196987,42.1516418,
WASP-19 b,1.13339,1.386,0.78884,0.0046
Kepler-310 d,0.019315,0.220359,92.876125,
Kepler-204 c,0.0131908,0.159693,25.660593,
Kepler-26 b,0.0397121,0.320884,12.282356,0
Kepler-374 c,0.00409374,0.0981354,3.282807,
Kepler-395 b,0.00324127,0.0918904,7.054346,
HD 126614 A b,0.385706,,1244,0.41
Kepler-80 e,0.0121773,0.146311,4.645387,
Kepler-83 d,0.014298,0.173075,5.169796,
Kepler-167 b,0.010538,0.12936,4.393147,
Kepler-295 d,0.00850717,0.121331,33.884054,
Kepler-337 b,0.0115417,0.13739,3.292781,
HD 177830 b,1.31967,,410.1,0.096
Kepler-226 d,0.00587447,0.108841,8.109044,
HD 38283 b,0.338157,,363.2,0.41
Kepler-386 b,0.00915403,0.124008,12.31043,
HD 217786 b,13.1868,,1319,0.4
Kepler-363 c,0.0125062,0.150772,7.542427,
Kepler-24 d,0.0123736,0.148987,4.244384,
HD 32518 b,3.34549,,157.54,0.01
Kepler-402 c,0.0116666,0.139174,6.124821,
WASP-18 b,10.2006,1.267,0.9414529,0.00848
CoRoT-6 b,2.95364,1.166,8.886593,0
Kepler-127 c,0.0216742,0.237309,29.393195,
Kepler-203 c,0.019315,0.220359,5.370647,
HD 73267 b,3.06257,,1260,0.256
HD 147513 b,1.17965,,528.40002,0.26
HD 72659 b,3.1741,,3658,0.22
BD +14 4559 b,1.51929,,268.94,0.29
Kepler-79 b,0.10946,0.230858,13.485,
Kepler-202 b,0.0121124,0.145419,4.069427,
HD 197037 b,0.807324,,1035.7,0.22
HD 70642 b,1.90944,,2068,0.034
KELT-2 A b,1.52064,1.286,4.1137912,0
Kepler-10 b,0.0142824,0.126327,0.837495,0
Kepler-208 e,0.0112762,0.132037,16.259458,
Kepler-270 c,0.0130508,0.157909,25.262887,
Kepler-225 c,0.0135483,0.164154,18.794234,
Kepler-150 d,0.0235009,0.248907,12.56093,
Kepler-405 b,0.015437,0.185565,10.613839,
Kepler-208 b,0.0121124,0.145419,4.22864,
M 67 YBP 1194 b,0.346328,,6.958,0.24
Kepler-325 d,0.0235009,0.248907,38.715185,
Kepler-340 c,0.0341953,0.300651,22.824669,
HD 40307 c,0.0211468,,9.62,0
HD 142 b,1.3057,,350.3,0.26
Kepler-257 b,0.0210192,0.232849,2.382667,
WASP-10 b,3.19144,1.08,3.0927616,0.0507142
GJ 328 b,2.3,,4100,0.37
WASP-17 b,0.508547,1.932,3.735433,0
HAT-P-17 b,0.530158,1.01,10.338523,0.346
Kepler-162 b,0.00656354,0.11241,6.919798,
Kepler-293 c,0.0463015,0.34169,54.155743,
HD 102329 b,4.47808,,778.1,0.211
HD 159868 b,2.20004,,1178.4,0.01
Kepler-262 c,0.0121773,0.146311,21.853722,
WASP-75 b,1.07,1.27,2.484193,0
Kepler-222 b,0.0297967,0.281916,3.936981,
Kepler-334 b,0.00436179,0.0999197,5.470319,
HD 114783 b,1.10505,,493.7,0.144
GJ 581 e,0.00613456,,3.14945,0.32
Kepler-327 c,0.00324127,0.0918904,5.212333,
epsilon Ret b,1.37669,,428.1,0.06
GJ 674 b,0.034879,,4.6938,0.2
Kepler-57 c,0.0115953,0.138158,11.6092567,
HD 168443 c,17.3857,,1749.83,0.2113
Kepler-172 c,0.0245625,0.255152,6.388996,
Kepler-400 c,0.0115291,0.132929,17.340824,
Kepler-220 e,0.00789025,0.118655,45.902733,
WASP-57 b,0.675887,0.916,2.838971,0
HAT-P-37 b,1.17362,1.178,2.79736,0.058
Kepler-198 c,0.019315,0.220359,49.567416,
Kepler-249 b,0.00396389,0.0972433,3.306539,
HD 81040 b,6.87654,,1001.7,0.526
HD 208527 b,10.014,,875.5,0.08
Kepler-165 b,0.0176845,0.206977,8.180848,
Kepler-28 b,0.0397121,0.320884,5.91213,0
Kepler-118 c,0.184717,0.685164,20.17202,
HAT-P-32 b,0.861516,1.789,2.150008,0
GJ 163 c,0.0215524,,25.63058,0.099
HD 95089 b,1.12925,,507,0.157
XO-3 b,13.2849,1.217,3.1915426,0.2884
HD 114729 b,0.944758,,1114,0.167
Kepler-122 e,0.0208911,0.231956,37.993273,
Kepler-103 c,0.0877632,0.458519,179.612,0
HD 100655 b,1.33352,,157.57,0.085
Kepler-400 b,0.0122424,0.147203,9.024389,
Kepler-106 c,0.019662,0.223015,13.5708,0
Kepler-113 b,0.013404,0.16237,4.754,0
HD 142415 b,1.66194,,386.29999,0.5
CoRoT-9 b,0.843564,1.05,95.2738,0.11
HD 114386 b,1.3637,,937.70001,0.23
HD 103197 b,0.0982431,,47.84,0
7 CMa b,2.43233,,763,0.14
Kepler-368 b,0.0318107,0.290838,26.84768,
Kepler-335 b,0.0346488,0.302436,6.562331,
WASP-16 b,0.842294,1.008,3.1186009,0
Kepler-316 b,0.00359062,0.0945669,2.240508,
HD 152581 b,1.51375,,689,0
KIC 11442793 h,0.937417,1.01,331.60059,
Kepler-103 b,0.0305195,0.300624,15.9654,0
Kepler-338 b,0.0189734,0.217682,13.726976,
Kepler-129 b,0.0182069,0.211437,15.79186,
PH-1 b,0.100437,0.550851,138.506,0.0539
Kepler-306 d,0.019315,0.220359,17.326644,
Kepler-37 d,0.00577478,0.178,39.792187,0.102489
HD 13908 c,5.13,,931,0.12
HD 125595 b,0.0416764,,9.6737,0
WASP-79 b,0.887514,1.7,3.6623817,0
Kepler-107 b,0.0116666,0.139174,3.179997,
Kepler-109 c,0.0199023,0.224819,21.2227,0
HIP 57274 c,0.410096,,32.03,0.05
Kepler-30 d,0.0726872,0.784384,143.343,0.022
Kepler-158 c,0.0139923,0.169507,28.551383,
HD 93083 b,0.368176,,143.58,0.14
HD 31253 b,0.501427,,466,0.3
Kepler-357 c,0.0218083,0.238201,16.85837,
HD 89744 b,8.18778,,256.78,0.673
HD 183263 c,3.47646,,3066,0.23873
WASP-42 b,0.496968,1.063,4.9816877,0
Kepler-53 d,0.0157841,0.189134,9.751962,
Kepler-48 b,0.0123966,0.17133,4.778,0
HD 192310 c,0.0736073,,525.8,0.32
HD 1690 b,6.52644,,533,0.64
HAT-P-41 b,0.800254,1.685,2.694047,0
Kepler-42 c,0.000954523,0.0650682,0.45328509,
HD 28185 b,5.79721,,379,0.05
HD 23127 b,1.40487,,1214,0.44
HD 154672 b,5.00638,,163.94,0.61
Kepler-275 d,0.0333072,0.297083,35.676062,
Kepler-52 b,0.015593,0.187182,7.8773565,
OGLE-TR-10 b,0.62,1.25,3.10129,0
Kepler-370 b,0.011856,0.14185,4.57953,
gamma Leo A b,10.3722,,428.5,0.144
NN Ser c,2.24099,,5571,0.22
HAT-P-2 b,8.87065,1.157,5.6334729,0.5171
HAT-P-24 b,0.685857,1.242,3.35524,0.067
HD 11506 b,4.7347,,1405,0.3
tau Boo b,5.95,,3.312433,0.023
Kepler-124 c,0.0129124,0.156125,13.821375,
Kepler-184 c,0.0145328,0.175752,20.303005,
HD 34445 b,0.790506,,1049,0.27
Kepler-318 b,0.0733215,0.420198,4.662715,
OGLE-2007-BLG-368L b,0.0629,,,
HD 125612 b,3.06805,,559.40487,0.45899
Kepler-20 f,0.00323095,0.0918085,19.57706,0
Kepler-198 b,0.0239491,0.251584,17.790037,
42 Dra b,3.73203,,479.1,0.38
Kepler-216 b,0.0179955,0.209653,7.693641,
Kepler-292 d,0.0167934,0.198947,7.055679,
Kepler-53 b,0.0249941,0.257599,18.6489525,
Kepler-11 b,0.00597804,0.1604,10.3039,0.045
HD 153950 b,2.74209,,499.4,0.34
Kepler-69 b,0.0168702,0.199661,13.722341,0.16
Kepler-27 c,0.0793989,0.436759,31.3309,0
HD 16141 b,0.249652,,75.523,0.252
Kepler-221 c,0.0256819,0.261397,5.690586,
Kepler-7 b,0.437758,1.478,4.885525,0
HIP 91258 b,1.068,,5.0505,0.024
WASP-24 b,1.091,1.3,2.3412127,0
HAT-P-29 b,0.779004,1.107,5.723186,0.095
Kepler-38 b,0.0621296,0.387735,105.595,0
HD 204313 d,1.60642,,2831.6,0.28
PSR B1257+12 B,0.0135305,,66.5419,0.0186
Kepler-147 b,0.0125754,0.136497,12.610584,
HD 50554 b,4.39876,,1224,0.444
HD 11964 c,0.0770689,,37.910254,0.301733
Kepler-79 d,0.178374,0.677134,52.09059,
Kepler-344 c,0.0260126,0.263181,125.596809,
HD 13189 b,7.12332,,471.6,0.27
HD 60532 b,1.0348,,201.3,0.28
HAT-P-11 b,0.0825354,0.422,4.8878162,0.198
Kepler-406 b,0.0199895,0.127576,2.42629,0
Kepler-171 b,0.0178911,0.208761,4.166972,
Kepler-330 b,0.00829825,0.120439,8.25978,
HD 104067 b,0.185935,,55.806,0
Kepler-229 b,0.0165098,0.196271,6.252972,
Kepler-144 c,0.00829825,0.120439,10.104665,
HD 20794 b,0.00848679,,18.315,0
Kepler-94 b,0.0341063,0.313113,2.50806,0
Kepler-115 c,0.0208911,0.231956,8.990889,
Kepler-320 c,0.00871939,0.122223,17.934937,
HD 195019 b,3.57989,,18.20132,0.0138
Kepler-274 c,0.0135483,0.164154,33.197861,
GJ 832 b,0.644279,,3416,0.12
Kepler-26 e,0.0186399,0.215006,46.827915,
GJ 667 C b,0.0174951,,7.1999,0.15
Kepler-254 d,0.0196646,0.223035,18.746477,
CoRoT-19 b,1.10792,1.29,3.89713,0.047
Kepler-264 b,0.0333072,0.297083,40.806231,
Kepler-122 c,0.115399,0.523686,12.465988,
Kepler-142 b,0.014692,0.177536,2.024152,
alpha Ari b,1.71662,,380,0.25
Kepler-240 c,0.0165098,0.196271,7.953528,
61 Vir b,0.016075,,4.215,0.12
Kepler-298 b,0.014454,0.174859,10.475464,
HD 210702 b,1.86459,,354.29,0.036
Kepler-363 d,0.0151834,0.182889,11.932125,
HAT-P-4 b,0.671507,1.274,3.056536,0
HAT-P-21 b,4.07833,1.024,4.124481,0.228
Kepler-215 d,0.0184218,0.213222,30.864423,
Kepler-232 c,0.0463015,0.34169,11.379349,
Kepler-346 b,0.0216742,0.237309,6.511127,
Kepler-330 c,0.0143757,0.173967,15.955387,
alpha Cen B b,0.00354639,,3.2357,0
mu Ara b,1.74552,,643.25,0.128
WASP-45 b,1.00657,1.16,3.1260876,0
HD 73526 c,2.4209,,377.8,0.14
Kepler-382 c,0.011856,0.14185,12.162701,
Kepler-333 c,0.00422638,0.0990276,24.08821,
Kepler-17 b,2.47943,1.33,1.4857108,0
14 Her b,5.21486,,1773.4,0.369
HAT-P-33 b,0.763256,1.686,3.474474,0
Kepler-166 c,0.0183139,0.212329,34.260281,
OGLE-05-169L b,0.04,,3300,
HIP 79431 b,2.11299,,111.7,0.29
HD 171238 b,2.60901,,1523,0.4
Kepler-272 c,0.0131908,0.159693,6.057342,
Kepler-157 c,0.0168894,0.199839,13.5405,
HIP 5158 b,1.42633,,345.72,0.52
Kepler-308 c,0.0161415,0.192702,15.38231,
WASP-46 b,2.10232,1.31,1.43037,0
Kepler-157 b,0.00769114,0.117763,1.732342,
GJ 849 b,0.830886,,1882,0.04
Kepler-52 d,0.0143757,0.173967,36.445171,
Kepler-197 c,0.00604207,0.109733,10.349695,
Kepler-163 b,0.00347154,0.0936747,7.810937,
Kepler-121 c,0.0171819,0.202516,41.008011,
Kepler-191 b,0.00809262,0.119547,9.939632,
Kepler-123 b,0.0258466,0.262289,17.232366,
Kepler-320 b,0.00464108,0.101704,8.371554,
HAT-P-1 b,0.532369,1.242,4.4652934,0
Kepler-186 f,0.00421308,0.098939,129.9459,0.01
Kepler-201 b,0.0192003,0.219467,25.672083,
OGLE2-TR-L9 b,4.57442,1.61,2.4855335,0
Kepler-54 b,0.015593,0.187182,8.0109434,
Kepler-355 c,0.0223552,0.24177,25.762294,
Kepler-375 c,0.0215411,0.236417,19.986326,
Kepler-137 b,0.0110268,0.131145,8.436387,
Kepler-85 d,0.00554835,0.107057,17.91323,
Kepler-224 c,0.0290307,0.278348,5.925003,
WASP-22 b,0.559059,1.12,3.53269,0.023
WASP-2 b,0.908659,1.077,2.1522254,0
Kepler-392 b,0.00291583,0.089214,5.341853,
Kepler-247 c,0.0548224,0.364885,9.439452,
HD 164922 b,0.357927,,1155,0.05
Kepler-271 b,0.00192504,0.0794005,5.217738,
Kepler-30 c,2.01385,1.09635,60.3231,0.0111
Kepler-190 c,0.0107805,0.130252,3.763024,
tau Gru b,1.2147,,1311,0.07
WASP-34 b,0.583354,1.22,4.3176782,0.038
Kepler-397 c,0.100676,0.551343,135.498527,
HD 96063 b,1.14167,,361.1,0
HAT-P-22 b,2.15137,1.08,3.21222,0.016
Kepler-221 b,0.0126401,0.152556,2.795906,
CoRoT-7 b,0.014,0.143989,0.85359163,0
HD 5608 b,1.47372,,792.6,0.19
Kepler-172 e,0.0230631,0.246231,35.118736,
Kepler-178 b,0.025195,0.258721,9.576694,
Kepler-147 c,0.0188614,0.21679,33.416423,
HATS-1 b,1.86507,1.302,3.446459,0.12
Kepler-378 c,0.00082692,0.0624498,28.906009,
HD 80606 b,3.89054,1.029,111.4367,0.934
Kepler-158 b,0.0157841,0.189134,16.709184,
Kepler-45 b,0.511499,0.96,2.455239,0.11
Kepler-68 b,0.026183,0.205901,5.398763,0
Kepler-308 b,0.0157841,0.189134,9.694928,
WASP-78 b,0.883997,1.7,2.17517656,0
Kepler-108 c,0.224011,0.729771,190.323494,
HD 86264 b,6.62738,,1475,0.7
Kepler-266 c,0.0481581,0.347043,107.723601,
Kepler-239 c,0.019783,0.223927,56.228098,
HD 82943 c,1.58936,,219.3,0.425
Kepler-205 c,0.0121773,0.146311,20.306546,
Kepler-319 b,0.0121124,0.145419,4.362705,
Kepler-162 c,0.0273861,0.270319,19.446355,
Kepler-126 c,0.0117926,0.140958,21.869741,
Kepler-384 c,0.00450004,0.100812,45.348269,
iota Hor b,2.04683,,302.8,0.14
HD 37124 d,0.68665,,1862,0.16
HD 192263 b,0.639382,,24.3556,0.055
HD 204313 b,3.50088,,1920.1,0.23
Kepler-212 c,0.0227766,0.244446,31.805174,
Kepler-53 c,0.0299365,0.282556,38.5583038,
Kepler-321 b,0.0130508,0.157909,4.915379,
Kepler-402 d,0.00893492,0.123115,8.921099,
Kepler-339 d,0.00508144,0.10438,10.558345,
Kepler-407 b,0,0.095459,0.6693109,0
TrES-3 b,1.91,1.336,1.30619,0
Kepler-188 b,0.0124398,0.14988,2.061897,
HIP 14810 b,3.87441,,6.673859,0.142483
Kepler-10 c,0.054118,0.209653,45.29485,
HD 90156 b,0.0565295,,49.77,0.31
Kepler-259 c,0.0222169,0.240878,36.924931,
Kepler-304 d,0.0229193,0.245339,9.653471,
Kepler-150 e,0.0290307,0.278348,30.826557,
Kepler-218 c,0.029411,0.280132,44.699576,
Pr 211 b,1.84394,,2.1451,0
Kepler-203 b,0.0205131,0.22928,3.162697,
Kepler-6 b,0.669376,1.323,3.234723,0
Kepler-244 d,0.0175824,0.206084,20.050401,
24 Sex c,1.51716,,910,0.412
Kepler-358 b,0.0224946,0.242662,34.060467,
Kepler-373 c,0.00621274,0.110625,16.725948,
HD 60532 c,2.46312,,604,0.02
Kepler-299 b,0.00769114,0.117763,2.927128,
Kepler-140 c,0.0132614,0.160585,91.353282,
Kepler-23 d,0.0165098,0.196271,15.274299,
Kepler-89 c,0.0641146,0.3937,10.423648,0.43
HD 68988 b,1.79992,,6.27711,0.1249
Kepler-84 b,0.0172355,0.203,8.726,
HAT-P-26 b,0.0586489,0.565,4.234516,0.124
Kepler-292 f,0.0179955,0.209653,20.834237,
Kepler-20 e,0.00175601,0.0773688,6.098493,0
Kepler-296 d,0.0172808,0.203408,19.850242,
HD 149143 b,1.32811,,4.072,0.016
Kepler-62 d,0,0.173812,18.16406,0.0948683
HD 79498 b,1.34632,,1966.1,0.59
Kepler-89 e,0.0986889,0.5978,54.32031,0.019
Kepler-298 d,0.0196646,0.223035,77.473633,
Kepler-269 b,0.019315,0.220359,5.326718,
Kepler-248 b,0.0272098,0.269426,6.308205,
HD 181433 c,0.640416,,962,0.28
70 Vir b,7.46144,,116.6884,0.4007
HD 102365 b,0.0509774,,122.1,0.34
BD -08 2823 b,0.045941,,5.6,0.15
Kepler-160 b,0.0115417,0.13739,4.309427,
CoRoT-11 b,2.34813,1.43,2.99433,0
Kepler-369 c,0.00960182,0.125792,14.871572,
Kepler-142 d,0.0161415,0.192702,41.809118,
Kepler-398 b,0.00225059,0.082969,4.081423,
Kepler-299 d,0.0136944,0.165938,15.054786,
GJ 436 b,0.0726979,0.3767,2.64385,0.16
Kepler-142 c,0.0245625,0.255152,4.761702,
Kepler-181 c,0.014692,0.177536,4.302149,
Kepler-364 b,0.011604,0.138282,25.745718,
Kepler-173 c,0.0188614,0.21679,8.005777,
Kepler-290 b,0.0169862,0.200732,14.589347,
WASP-37 b,1.79362,1.16,3.577469,0
Kepler-223 c,0.0147725,0.178428,9.848183,
HD 6718 b,1.5591,,2496,0.1
Kepler-224 e,0.0145328,0.175752,18.643577,
Kepler-322 c,0.0123736,0.148987,4.337234,
HD 33636 b,9.26951,,2127.7,0.4805
Kepler-163 c,0.0170837,0.201624,21.347262,
HAT-P-40 b,0.6202,1.73,4.457243,0
HD 240237 b,5.31949,,745.7,0.4
Kepler-169 f,0.0206381,0.230172,87.090195,
Kepler-283 b,0.0158724,0.190026,11.008151,
rho CrB b,1.06409,,39.8449,0.057
Kepler-214 b,0.0210192,0.232849,15.660544,
Kepler-314 b,0.00150361,0.0740476,2.461069,
Kepler-188 c,0.0303861,0.284593,5.996553,
Kepler-233 b,0.0188614,0.21679,8.472382,
Kepler-118 b,0.014454,0.174859,7.518496,
Kepler-110 b,0.013476,0.163262,12.691112,
HD 11977 b,7.40012,,711,0.4
HD 73534 b,1.06828,,1770,0.074
Kepler-195 b,0.0150172,0.181104,8.307872,
Kepler-50 c,0.0234642,0.248685,9.3761368,
HD 164604 b,2.6885,,606.4,0.24
Kepler-359 b,0.0380002,0.314926,25.563222,
Kepler-359 d,0.0520795,0.357748,77.095691,
Kepler-115 b,0.00396389,0.0972433,2.403679,
OGLE-05-071L b,3.8,,3600,
OGLE235-MOA53 b,2.6,,,
HD 37124 c,0.648109,,885.5,0.125
HD 217107 c,2.61546,,4270,0.517222
HD 74156 b,1.77342,,51.638,0.63
Kepler-180 b,0.0117855,0.133821,13.817124,
HD 103774 b,0.368054,,5.8881,0.09
Kepler-43 b,3.23143,1.2,3.024095,0
Kepler-76 b,1.96,,1.545,0
Kepler-310 b,0.00538981,0.106165,13.930698,
Kepler-222 c,0.0710944,0.413953,10.08881,
KELT-6 b,0.43122,1.193,7.8457,0.22
WASP-13 b,0.473883,1.407,4.3530135,0
Kepler-84 c,0.096,0.215,12.883,
HD 13931 b,1.88123,,4218,0.02
Kepler-58 d,0.0258466,0.262289,40.101371,
HAT-P-18 b,0.197205,0.995,5.508023,0.084
Kepler-357 b,0.0135483,0.164154,6.475434,
Kepler-406 c,0.00857506,0.0758319,4.62332,0
HD 155358 c,0.807031,,391.9,0.16
WASP-43 b,1.77609,0.93,0.813475,0
Kepler-159 c,0.0351084,0.30422,43.595792,
Kepler-39 b,18.1805,1.22,21.0874,0.121
14 And b,4.68383,,185.84,0
Kepler-215 b,0.0120479,0.144527,9.360672,
Kepler-294 b,0.0130508,0.157909,3.701212,
Kepler-29 b,0.0397121,0.320884,10.3376,0
Kepler-24 b,0.0185071,0.213923,8.14561,0
Kepler-306 b,0.0123086,0.135605,4.646186,
Kepler-83 b,0.0240196,0.252,9.77,
81 Cet b,4.31096,,952.7,0.206
CoRoT-3 b,21.8549,1.01,4.2568,0
Kepler-377 b,0.00915403,0.124008,12.509529,
Kepler-126 d,0.0196646,0.223035,100.283134,
HAT-P-38 b,0.267569,0.825,4.640382,0.067
Kepler-18 d,0.0516,0.622714,14.85888,0.000521567
Kepler-380 b,0.00538981,0.106165,3.930821,
Kepler-132 d,0.011604,0.138282,18.010199,
Kepler-228 b,0.0125754,0.136497,2.566546,
mu Ara e,0.543322,,310.54999,0.0666
Kepler-97 b,0.0106941,0.132037,2.58664,0
Kepler-139 b,0.0258466,0.262289,15.771044,
Kepler-375 b,0.010538,0.12936,12.125934,
HD 136118 b,11.6809,,1187.3,0.338
Kepler-182 b,0.0206381,0.230172,9.825792,
HD 6434 b,0.397195,,21.997999,0.17
HD 5319 b,1.6984,,674.59998,0.12
Kepler-306 e,0.0171819,0.202516,44.840975,
Kepler-253 b,0.0121124,0.145419,3.783986,
Kepler-259 b,0.0236491,0.249799,8.115317,
HD 231701 b,1.08667,,141.60001,0.1
PH-2 b,0.488198,0.902041,282.5255,0.41
CoRoT-18 b,3.48652,1.31,1.9000693,0.04
Kepler-203 d,0.0102988,0.128468,11.32972,
HD 75898 b,2.51504,,418.20001,0.1
Kepler-224 b,0.00915403,0.124008,3.132924,
Kepler-205 b,0.0120453,0.134713,2.75564,
MOA-2008-BLG-310L b,0.23,,,
KIC 11442793 g,0.217563,0.723,210.60697,
GJ 1214 b,0.0203507,0.2389,1.58040482,0
Kepler-268 c,0.0344212,0.301543,83.446393,
Kepler-135 c,0.00493175,0.103488,11.448708,
Kepler-265 c,0.0212781,0.234633,17.028937,
16 Cyg B b,1.63997,,798.5,0.681
HAT-P-25 b,0.567181,1.19,3.652836,0.032
Kepler-341 e,0.014692,0.177536,42.473269,
HD 213240 b,4.53249,,882.7,0.421
Kepler-399 b,0.00252018,0.0856455,14.425281,
Kepler-341 c,0.012573,0.151664,8.01041,
Kepler-265 d,0.0195472,0.222143,43.130617,
Kepler-243 c,0.014692,0.177536,20.026218,
HD 12661 b,2.3408,,262.70861,0.376834
Kepler-9 c,0.168671,0.823,38.90861,0.132575
HD 74156 c,8.24664,,2520,0.38
Kepler-165 c,0.0167934,0.198947,15.31299,
Kepler-326 d,0.0057099,0.107949,6.766888,
HD 20794 c,0.00743617,,40.114,0
Kepler-31 c,0.0577969,0.374365,42.6318,0
Kepler-82 b,0.0517963,0.357,26.444,
Kepler-306 c,0.0179955,0.209653,7.240193,
Kepler-85 e,0.00674351,0.113302,25.216751,
HD 38801 b,10.0105,,696.3,0
HD 132563 B b,1.49247,,1544,0.22
Kepler-390 c,0.00126334,0.0704791,13.060022,
Kepler-61 b,0.0160339,0.191639,59.87756,0
GJ 667 C c,0.0130687,,28.1,0.27
HD 207832 c,0.730294,,1155.7,0.27
Kepler-80 b,0.0222358,0.241,7.053,
Kepler-272 d,0.0169862,0.200732,10.937304,
Kepler-44 b,1.02109,1.24,3.24674,0
HD 5891 b,5.22845,,177.11,0.066
Kepler-292 b,0.00769114,0.117763,2.580827,
Kepler-228 d,0.0531048,0.360425,11.094286,
Kepler-140 b,0.0119837,0.143635,3.25427,
Kepler-245 d,0.0273861,0.270319,36.277108,
HD 173416 b,2.71808,,323.6,0.21
Kepler-104 c,0.0292202,0.27924,23.668205,
Kepler-263 b,0.0218083,0.238201,16.568087,
Kepler-278 c,0.0395346,0.320278,51.078775,
HD 76700 b,0.232142,,3.97097,0.095
Kepler-366 b,0.0107805,0.130252,3.281959,
HD 39091 b,10.088,,2151,0.6405
HD 7449 b,1.3131,,1275,0.82
HD 149026 b,0.361471,0.654,2.8758911,0
Kepler-186 b,0.00370062,0.0953739,3.8867907,0.04
Kepler-219 c,0.0392746,0.319386,22.714613,
OGLE-2006-BLG-109L c,0.271,,4927.5,0.15
Kepler-361 c,0.0199023,0.224819,55.188023,
Kepler-265 e,0.0207641,0.231064,67.831024,
Qatar-2 b,2.48409,1.144,1.3371182,0
Kepler-293 b,0.0281036,0.273887,19.254196,
Kepler-166 b,0.0171819,0.202516,7.650254,
HD 216437 b,2.16817,,1353,0.319
HAT-P-49 b,1.72959,1.413,2.691548,0
Kepler-367 c,0.00554835,0.107057,53.578637,
Kepler-313 b,0.0200225,0.225711,14.970418,
Kepler-150 c,0.0422294,0.3292,7.381998,
Kepler-87 b,1.02138,1.21,114.73635,0.036
HAT-P-7 b,1.7916,1.363,2.204737,0
Kepler-316 c,0.00493175,0.103488,6.827766,
PSR B1257+12 C,0.0122719,,98.2114,0.0252
HD 49674 b,0.101571,,4.94737,0.087
HD 82943 b,1.68512,,442.4,0.203
Kepler-342 c,0.014454,0.174859,26.234138,
WASP-38 b,2.70901,1.09,6.87188,0.028
Kepler-139 c,0.0344212,0.301543,157.072878,
HD 77338 b,0.0498139,,5.7361,0.09
Kepler-29 c,0.0251535,0.25849,13.2907,0
HD 220773 b,1.44975,,3724.7,0.51
WASP-6 b,0.52136,1.224,3.361006,0.054
Kepler-206 c,0.0130508,0.157909,13.137471,
Kepler-169 c,0.0057099,0.107949,6.195469,
HD 159868 c,0.73,,352.3,0.15
HD 137388 b,0.227816,,330,0.36
HD 95086 b,4.5,,,
Kepler-196 b,0.0139923,0.169507,20.739886,
Kepler-352 b,0.00170474,0.0767241,10.05537,
Kepler-329 b,0.00937625,0.1249,7.416397,
Kepler-179 b,0.0121773,0.146311,2.735926,
Kepler-176 b,0.0100631,0.127576,5.433074,
Kepler-310 c,0.0344212,0.301543,56.47542,
Kepler-339 b,0.00983076,0.126684,4.977656,
Kepler-124 d,0.00422638,0.0990276,30.950851,
Kepler-52 c,0.0135364,0.164007,16.3850021,
HD 100777 b,1.16502,,383.70001,0.36
HAT-P-5 b,1.05561,1.254,2.788491,0
Kepler-125 b,0.0182069,0.211437,4.164389,
Kepler-193 b,0.0184218,0.213222,11.38848,
HD 222582 b,7.63003,,572.38,0.725
Kepler-119 c,0.00216566,0.0820769,4.125103,
Kepler-16 b,0.333,0.7538,228.776,0.0069
Kepler-32 d,0.0221838,0.240663,22.7802,0
Kepler-58 c,0.0245229,0.254925,15.5741568,
WASP-33 b,0,1.497,1.21986983,0
HD 128311 b,1.4572,,454.2,0.345
HD 181433 d,0.535482,,2172,0.48
TrES-1 b,0.752484,1.067,3.030065,0
HD 4208 b,0.807457,,828,0.052
Kepler-62 e,0,0.143507,122.3874,0.13
Kepler-120 b,0.0160511,0.19181,6.312501,
HD 5388 b,1.96509,,777,0.4
CoRoT-10 b,2.75536,0.97,13.2406,0.53
11 UMi b,11.0873,,516.22,0.08
Kepler-286 d,0.00789025,0.118655,5.914323,
Kepler-338 c,0.0178911,0.208761,24.310856,
WASP-62 b,0.56227,1.39,4.411953,0
Kepler-300 c,0.0169862,0.200732,40.714955,
HD 4732 c,2.36493,,2732,0.23
Kepler-258 c,0.0400599,0.322063,33.653079,
kappa CrB b,1.9747,,1300,0.125
Kepler-25 b,0.0223552,0.24177,6.2385,0
HD 99492 b,0.106179,,17.0431,0.254
Kepler-167 c,0.00871939,0.122223,7.406097,
Kepler-291 b,0.0161415,0.192702,3.546511,
HD 204941 b,0.26689,,1733,0.37
Kepler-332 d,0.00523423,0.105273,34.21154,
HD 196050 b,2.8434,,1378,0.228
WASP-11 b,0.539755,0.91,3.722465,0
HD 111232 b,6.84182,,1143,0.2
HD 117618 b,0.176652,,25.827,0.42
Kepler-192 c,0.0235009,0.248907,21.2234,
HD 180902 b,1.56395,,479,0.09
HIP 12961 b,0.354314,,57.435,0.166
HD 63454 b,0.384566,,2.818049,0
BD +48 738 b,1.2654,,392.6,0.2
Kepler-62 c,0,0.0481326,12.4417,0.186815
Kepler-371 c,0.0131206,0.158801,67.968015,
NGC 2423 3 b,6.63106,,714.3,0.21
Kepler-227 b,0.0288426,0.277456,9.488015,
Kepler-33 c,0.0305282,0.28523,13.17562,0
Kepler-275 b,0.0178911,0.208761,10.300682,
HD 13908 b,0.865,,19.382,0.046
HD 50499 b,1.74473,,2457.8717,0.253675
CoRoT-14 b,7.69464,1.09,1.51214,0
Kepler-176 d,0.019783,0.223927,25.751974,
Kepler-319 d,0.0173806,0.2043,31.781925,
Kepler-80 d,0.0128437,0.155232,3.072186,
Kepler-155 b,0.0155228,0.186457,5.931194,
Kepler-342 d,0.0195472,0.222143,39.459357,
CoRoT-4 b,0.717419,1.19,9.20205,0
HAT-P-19 b,0.292273,1.132,4.008778,0.067
HD 154857 c,2.57917,,3452,0.06
Kepler-24 c,0.0236121,0.249577,12.3318,0
Kepler-47 c,0.0729242,0.419091,303.158,0
GJ 163 b,0.033876,,8.631,0.11
Kepler-133 c,0.0242535,0.253368,31.517586,
Kepler-33 f,0.0654095,0.39754,41.02902,0
Kepler-116 b,0.0353405,0.305112,5.968734,
Kepler-107 c,0.0133325,0.161477,4.901425,
Kepler-84 e,0.0208911,0.231956,27.434389,
Kepler-109 b,0.0182069,0.211437,6.48163,0
Kepler-315 b,0.0445124,0.336337,96.101141,
KIC 11442793 f,0.0254263,0.26,124.9144,
HD 2039 b,5.92499,,1120,0.715
Kepler-170 b,0.0305853,0.285485,7.930592,
Kepler-36 c,0.025489,0.327926,16.23855,0
Kepler-247 d,0.0497576,0.351503,20.477912,
Kepler-136 b,0.0151834,0.182889,11.5789,
XO-2 b,0.56654,0.983,2.615838,0
Kepler-305 d,0.0223552,0.24177,16.738661,
Kepler-120 c,0.0125754,0.136497,12.794585,
Kepler-393 b,0.00711292,0.115086,9.182417,
Kepler-96 b,0.0261659,0.238201,16.23844,0
Kepler-11 d,0.0229683,0.2781,22.6845,0.0036055
HD 187085 b,0.803694,,986,0.47
HD 118203 b,2.13623,,6.1335,0.309
Kepler-106 b,0.00144019,0.073149,6.16486,0
WASP-63 b,0.378096,1.43,4.37808,0
Kepler-30 b,0.035557,0.347625,29.334,0.042
Kepler-214 c,0.0158724,0.190026,28.7798,
HD 175167 b,7.77836,,1290,0.54
Kepler-273 b,0.0117855,0.133821,2.936532,
Kepler-323 c,0.0121124,0.145419,3.553822,
Kepler-84 d,0.00893492,0.123115,4.224537,
Kepler-267 c,0.0158724,0.190026,6.87745,
HAT-P-16 b,4.2025,1.289,2.77596,0.036
TrES-4 b,0.925,1.783,3.553945,0
Kepler-231 c,0.0142208,0.172183,19.271566,
NGC 4349 127 b,9.88561,,677.8,0.19
Kepler-184 b,0.0181008,0.210545,10.687576,
GJ 676 A b,4.89701,,1056.8,0.326
Kepler-60 b,0.0172607,0.203227,7.1316185,
Kepler-151 b,0.0279223,0.272995,15.228958,
Kepler-242 c,0.0147725,0.178428,14.496481,
Kepler-230 b,0.0596201,0.380052,32.625555,
HD 47186 c,0.348285,,1353.6,0.249
Kepler-351 c,0.0303861,0.284593,57.24809,
Kepler-350 b,0.0136211,0.165046,11.189562,
Kepler-382 b,0.00769114,0.117763,5.262155,
HIP 14810 d,0.5806,,950.69651,0.165251
Kepler-209 b,0.0170837,0.201624,16.087845,
Kepler-123 c,0.0112762,0.132037,26.695074,
HD 142245 b,1.89038,,1299,0
Kepler-59 c,0.0149563,0.180443,17.9801235,
KIC 11442793 b,0.00752338,0.117,7.008151,
Kepler-258 b,0.0537981,0.362209,13.19722,
Kepler-309 c,0.019783,0.223927,105.356383,
Kepler-302 c,1,1.11071,127.282184,
HD 30177 b,9.68782,,2770,0.193
Kepler-4 b,0.0772279,0.357,3.21346,0
HD 190647 b,1.90296,,1038.1,0.18
HD 97658 b,0.024739,0.208761,9.4909,0.064
Kepler-261 b,0.0163243,0.194487,10.381227,
Kepler-57 b,0.0163986,0.195205,5.7293196,
Kepler-175 b,0.020389,0.228388,11.903515,
Kepler-323 b,0.0100631,0.127576,1.678327,
Kepler-377 c,0.0152673,0.183781,27.014976,
HD 106270 b,11.0869,,2890,0.402
Kepler-379 c,0.0173806,0.2043,62.784697,
HD 30856 b,1.85721,,912,0.117
Kepler-315 c,0.056492,0.370238,265.469335,
Kepler-80 c,0.022,0.254,9.522,
Kepler-179 c,0.0147725,0.178428,6.40013,
HD 48265 b,1.20645,,762,0.24
CoRoT-27 b,10.3882,1.007,3.57532,0
Kepler-360 c,0.0156092,0.187349,7.186434,
Kepler-262 b,0.00850717,0.121331,13.060855,
Kepler-381 b,0.0028129,0.0883219,5.629021,
Kepler-168 c,0.0220797,0.239986,13.193242,
Kepler-84 f,0.0165098,0.196271,44.552169,
HD 89307 b,1.79148,,2166,0.2
HD 163607 c,2.2924,,1314,0.12
WASP-49 b,0.378231,1.115,2.7817387,0
Kepler-288 b,0.0123736,0.148987,6.097326,
Kepler-37 c,0.0107897,0.066,21.301886,0.0984886
Kepler-55 b,0.0188372,0.216597,27.9481449,
HD 4313 b,2.17173,,356,0.041
HR 8799 b,7,1.2,164253,0
HD 2638 b,0.477325,,3.4442,0
Kepler-272 b,0.0100631,0.127576,2.971353,
Kepler-231 b,0.0127755,0.15434,10.065275,
HD 168443 b,7.69745,,58.11247,0.52883
Kepler-373 b,0.00850717,0.121331,5.535309,
Kepler-288 d,0.0218083,0.238201,56.633742,
HD 10180 f,0.0743252,,122.72,0.133
HD 45350 b,1.83614,,963.6,0.778
HD 69830 c,0.0367709,,31.559999,0.13
Kepler-21 b,0.0121473,0.1459,2.785755,0
Kepler-352 c,0.00621274,0.110625,16.332995,
Kepler-363 b,0.00493175,0.103488,3.614568,
Kepler-390 b,0.00144064,0.0731555,6.738088,
Kepler-340 b,0.0200225,0.225711,14.844387,
Kepler-335 c,0.0281036,0.273887,67.844469,
HD 47186 b,0.071203,,4.0845,0.038
Kepler-226 b,0.011604,0.138282,3.940997,
KELT-3 b,1.46164,1.358,2.70339,0
Kepler-51 c,0.108813,0.508958,85.3128662,
HD 148427 b,1.14357,,331.5,0.16
Kepler-226 c,0.0171819,0.202516,5.349555,
epsilon Tau b,7.67663,,594.90002,0.151
Kepler-11 e,0.0264312,0.373377,31.9996,0.012
Kepler-366 c,0.0131908,0.159693,12.51616,
HD 208487 b,0.5122,,130.08,0.24
Kepler-288 c,0.0244074,0.25426,19.305772,
Kepler-48 d,0.0151,0.181997,42.8961,0
Kepler-311 b,0.012573,0.151664,9.176092,
Kepler-117 c,0.923754,1.00812,50.790412,
epsilon Eri b,1.05448,,2500,0.25
Kepler-69 c,0.0126299,0.15242,242.4613,0.14
Kepler-296 f,0.0131908,0.159693,63.335879,
HD 20782 b,1.9,,591.9,0.97
Kepler-228 c,0.0222169,0.240878,4.134444,
HD 190360 c,0.0589738,,17.111027,0.23747
Kepler-23 c,0.0305282,0.28523,10.7421,0
Kepler-378 b,0.00105258,0.0669105,16.092361,
HD 65216 b,1.21636,,613.09998,0.41
Kepler-343 c,0.0149351,0.180212,23.22182,
Kepler-42 b,0.0012042,0.0695249,1.2137672,
Kepler-212 b,0.00396389,0.0972433,16.257582,
Kepler-296 c,0.0160511,0.19181,5.841648,
Kepler-356 b,0.0117295,0.140066,4.612696,
HAT-P-13 b,0.85708,1.281,2.91625,0.0133
Kepler-244 b,0.0230631,0.246231,4.311792,
GJ 3634 b,0.0221881,,2.64561,0.08
Kepler-9 b,0.248945,0.842,19.243158,0.150841
HD 130322 b,1.04309,,10.7085,0.011
Kepler-31 d,0.0685925,0.406816,87.648901,
Kepler-399 d,0.0139171,0.168615,58.034616,
Kepler-215 c,0.0130508,0.157909,14.667108,
Kepler-108 b,0.268526,0.771701,49.183921,
Kepler-348 c,0.00789025,0.118655,17.265427,
Kepler-124 b,0.000957504,0.0651262,3.410493,
Kepler-185 c,0.0149351,0.180212,20.729042,
Kepler-191 c,0.0136944,0.165938,17.738506,
omega Ser b,1.70083,,277.02,0.106
Kepler-111 b,0.0117926,0.140958,3.341815,
HD 16175 b,4.37946,,990,0.6
Kepler-235 b,0.0167934,0.198947,3.340222,
HD 46375 b,0.227201,,3.023573,0.063
Kepler-48 c,0.045968,0.24177,9.67395,
Kepler-114 b,0.00656354,0.11241,5.188549,
Kepler-60 d,0.0202381,0.227293,11.9016171,
Kepler-14 b,8.40643,1.136,6.790123,0.0350051
Kepler-234 c,0.0375018,0.313141,7.21205,
CoRoT-13 b,1.31099,0.885,4.03519,0
HD 98219 b,2.12353,,436.9,0
HD 11964 b,0.608106,,1944.5898,0.041
HAT-P-34 b,3.334,1.197,5.452654,0.441
MOA-2010-BLG-477L b,1.5,,,
Kepler-31 b,0.0606674,0.383278,20.8613,0
Kepler-85 c,0.0162741,0.194,12.513,
Kepler-219 d,0.0237984,0.250691,47.903645,
Kepler-248 c,0.0541479,0.363101,16.239494,
HD 139357 b,10.0754,,1125.7,0.1
HD 1461 b,0.0240044,,5.7727,0.14
Kepler-283 c,0.013404,0.16237,92.743711,
HAT-P-30 b,0.711088,1.34,2.810595,0.035
Kepler-251 d,0.0232079,0.247123,30.133001,
Kepler-234 b,0.0425085,0.330092,2.711506,
Kepler-37 b,0.00958673,0.0270078,13.367308,0
Kepler-392 c,0.00409374,0.0981354,10.423118,
HD 8535 b,0.682196,,1313,0.15
HAT-P-28 b,0.627833,1.212,3.257215,0.051
Kepler-349 c,0.014454,0.174859,12.247629,
HD 4203 b,2.08215,,431.88,0.519
Kepler-331 d,0.0121773,0.146311,32.134328,
HD 102956 b,0.951497,,6.4948,0.048
Kepler-362 c,0.010538,0.12936,37.866281,
Kepler-186 e,0.00672298,0.113201,22.407793,0.03
Kepler-321 c,0.0176845,0.206977,13.093921,
Kepler-376 c,0.0131908,0.159693,14.172327,
Fomalhaut b,0.5,,318498,0.12
GJ 176 b,0.0259969,,8.7832,0
HD 23079 b,2.4433,,730.6,0.102
HD 178911 B b,7.29127,,71.484,0.114
WASP-58 b,0.891379,1.37,5.01718,0
Kepler-244 c,0.0151834,0.182889,9.767292,
Kepler-354 b,0.0135483,0.164154,5.47666,
Kepler-278 b,0.0541479,0.363101,30.160546,
HD 162020 b,15.2138,,8.428198,0.277
Kepler-183 b,0.0152673,0.183781,5.687945,
MOA-bin-1L b,3.7,,,
Kepler-210 c,0.0403249,0.322955,7.972513,
Kepler-184 d,0.0195472,0.222143,29.022358,
HD 168746 b,0.245103,,6.404,0.107
GJ 876 c,0.612168,,30.0881,0.25591
Kepler-20 c,0.0495058,0.273643,10.854092,0
Kepler-47 b,0.026473,0.265621,49.514,0
Kepler-296 b,0.00233796,0.0838612,3.621457,
Kepler-402 b,0.00587447,0.108841,4.028751,
Kepler-260 b,0.0148535,0.17932,8.187399,
Kepler-255 c,0.0266892,0.26675,9.946047,
HD 215497 b,0.020855,,3.93404,0.16
Kepler-62 f,0,0.12568,267.291,0.094434
HD 154345 b,0.956901,,3341.5588,0.044
Kepler-60 c,0.0192896,0.220162,8.9193459,
Kepler-395 c,0.00769114,0.117763,34.989262,
HD 217107 b,1.40112,,7.1268163,0.126686
mu Ara c,1.88907,,4205.8,0.0985
HD 7199 b,0.295018,,615,0.19
Kepler-233 c,0.0223552,0.24177,60.418955,
GJ 433 b,0.0181986,,7.3709,0.08
HD 159243 b,1.13,,12.62,0.02
Kepler-327 d,0.0127755,0.15434,13.969457,
HAT-P-31 b,2.16904,1.07,5.005425,0.245
OGLE-TR-113 b,1.26,1.093,1.4324757,0
Kepler-356 c,0.0133325,0.161477,13.121632,
Kepler-41 b,0.493545,0.841,1.855558,0
Kepler-270 b,0.0148535,0.17932,11.476094,
HD 40307 d,0.028076,,20.46,0
HD 290327 b,2.54762,,2443,0.08
GJ 876 e,0.039229,,124.26,0.055
HD 169830 c,4.06407,,2102,0.33
47 UMa c,0.545774,,2391,0.098
Kepler-85 b,0.0145548,0.176,8.306,
Kepler-313 c,0.0205131,0.22928,32.273273,
Kepler-199 b,0.0288426,0.277456,23.637604,
Kepler-172 b,0.0179955,0.209653,2.940309,
Kepler-223 d,0.0265182,0.265858,14.788759,
Kepler-360 b,0.0122424,0.147203,3.289672,
Kepler-246 b,0.0178911,0.208761,4.60182,
Kepler-347 b,0.0145328,0.175752,12.79836,
HD 63765 b,0.643827,,358,0.24
Kepler-217 c,0.0136211,0.165046,8.586004,
HD 85390 b,0.131884,,788,0.41
Kepler-401 c,0.0160511,0.19181,47.318218,
Kepler-299 c,0.0215411,0.236417,6.885875,
Kepler-112 b,0.0181008,0.210545,8.408878,
Kepler-155 c,0.0168894,0.199839,52.661793,
Kepler-271 c,0.00291583,0.089214,7.410935,
Kepler-241 c,0.0205131,0.22928,36.065978,
WASP-77 A b,1.75921,1.21,1.3600309,0
Kepler-164 c,0.022635,0.243554,10.945723,
Kepler-371 b,0.0139171,0.168615,34.763278,
55 Cnc e,0.0263671,0.185565,0.736546,0
HIP 57274 d,0.528573,,431.7,0.27
HD 221287 b,3.11535,,456.10001,0.08
KOI-13 b,6.515,1.406,1.76358799,0
HD 192699 b,2.29191,,345.53,0.129
Kepler-178 d,0.0500833,0.352395,96.678988,
Kepler-312 b,0.00711292,0.115086,1.772419,
Kepler-164 b,0.00960182,0.125792,5.03503,
Kepler-341 b,0.00523423,0.105273,5.195528,
Kepler-311 c,0.0100631,0.127576,19.738286,
HD 181342 b,3.14944,,663,0.177
WASP-8 b,2.13797,1.038,8.158715,0.31
HD 131496 b,2.24115,,883,0.163
Kepler-154 c,0.0260126,0.263181,62.303276,
Kepler-334 c,0.0100631,0.127576,12.758005,
Kepler-372 c,0.0155228,0.186457,20.053763,
Kepler-127 b,0.00937625,0.1249,14.435889,
HD 44219 b,0.589265,,472.3,0.61
75 Cet b,2.7597,,691.9,0.117
Kepler-27 b,0.051622,0.356538,15.3348,0
Kepler-210 b,0.0258466,0.262289,2.453234,
Kepler-40 b,2.17684,1.17,6.87349,0
Kepler-171 c,0.020389,0.228388,11.463462,
Kepler-298 c,0.0142208,0.172183,22.92881,
Kepler-331 c,0.0135483,0.164154,17.28111,
HD 220074 b,11.1883,,672.1,0.14
Kepler-133 b,0.0129814,0.157017,8.129976,
HAT-P-39 b,0.599196,1.571,3.54387,0
WASP-26 b,1.01746,1.32,2.7566,0
WASP-71 b,1,1.5,2.9036747,0
HIP 2247 b,5.12319,,655.6,0.54
GJ 876 d,0.0184193,,1.93778,0.207
Kepler-312 c,0.0296032,0.281024,19.747412,
OGLE-TR-56 b,1.39,1.363,1.211909,0
Kepler-235 c,0.00692663,0.114194,7.824904,
Kepler-146 c,0.0292202,0.27924,76.732171,
Kepler-372 d,0.0125062,0.150772,30.092568,
Kepler-156 b,0.0174811,0.205192,4.973456,
HD 38529 b,0.803263,,14.310195,0.243663
Kepler-393 c,0.00789025,0.118655,14.613612,
Kepler-136 c,0.014692,0.177536,16.399235,
BD +20 2457 c,6.90191,,621.99,0.18
Kepler-144 b,0.00789025,0.118655,5.885273,
HD 22781 b,13.8403,,528.07,0.8191
Kepler-208 d,0.00554835,0.107057,11.131786,
Kepler-286 e,0.0130508,0.157909,29.221289,
Kepler-351 b,0.0279223,0.272995,37.054919,
HD 120084 b,4.4772,,2082,0.66
MOA-2009-BLG-266L b,0.0327,,,
Kepler-89 d,0.302868,1.027,23.342989,0.022
Kepler-387 b,0.00324127,0.0918904,6.791636,
HD 20868 b,2.00901,,380.85,0.75
HAT-P-9 b,0.776601,1.4,3.92289,0
Kepler-410 A b,,0.258635,17.833648,0.17
Kepler-33 e,0.0525296,0.358929,31.7844,0
Kepler-216 c,0.0275635,0.271211,17.406669,
Kepler-365 c,0.0121773,0.146311,17.784129,
Kepler-19 b,0.0165942,0.197074,9.2869944,0
Kepler-130 b,0.00313003,0.0909983,8.457458,
Kepler-160 c,0.0400599,0.322063,13.699087,
Kepler-207 c,0.0117855,0.133821,3.071571,
Kepler-284 b,0.0168894,0.199839,12.699149,
Kepler-326 b,0.0123086,0.135605,2.248329,
HD 107148 b,0.212171,,48.056,0.05
Kepler-200 c,0.011856,0.14185,10.222157,
Kepler-95 b,0.0353405,0.305112,11.5231,0
Kepler-280 c,0.0148535,0.17932,4.807091,
KIC 11442793 e,0.021628,0.237,91.93913,
Kepler-249 d,0.0117295,0.140066,15.368459,
51 Peg b,0.461143,,4.230785,0.013
WASP-60 b,0.512143,0.86,4.3050011,0
Kepler-99 b,0.0203553,0.132037,4.60358,0
Kepler-125 c,0.00100422,0.0660184,5.774464,
Kepler-319 c,0.0212781,0.234633,6.941357,
Kepler-153 b,0.0255184,0.260505,18.870227,
55 Cnc f,0.172877,,261.2,0.32
Kepler-238 d,0.0281036,0.273887,13.233549,
Kepler-153 c,0.0200225,0.225711,46.90232,
HD 212301 b,0.39615,,2.245715,0
Kepler-295 c,0.00508144,0.10438,21.526258,
GJ 504 b,4,,,
HAT-P-15 b,1.95154,1.072,10.863502,0.19
Kepler-24 e,0.0233538,0.248015,18.998355,
HD 209458 b,0.689646,1.359,3.52474859,0
HD 102272 b,4.10898,,127.58,0.05
HD 181433 b,0.0237331,,9.3743,0.396
HD 187123 b,0.510056,,3.0965828,0.0102736
HD 108147 b,0.257999,,10.8985,0.53
Kepler-82 c,0.095206,0.477,51.538,
WASP-61 b,2.05491,1.24,3.8559,0
Kepler-58 b,0.0233176,0.247794,10.2184954,
eta Cet b,2.5485,,407.5,0.155
Kepler-379 b,0.0123078,0.148095,20.09838,
Kepler-376 b,0.00371234,0.095459,4.920199,
HD 215497 c,0.327524,,567.94,0.49
Kepler-225 b,0.00554835,0.107057,6.738975,
CoRoT-17 b,2.46001,1.02,3.7681,0
HD 20794 d,0.0147932,,90.309,0
xi Aql b,1.77912,,136.75,0
HD 33564 b,9.12785,,388,0.34
HD 40979 b,4.02224,,264.15,0.252
GJ 581 c,0.0167756,,12.9182,0.07
HD 10180 c,0.0415054,,5.75962,0.077
WASP-31 b,0.479329,1.537,3.405909,0
HD 134987 c,0.804926,,5000,0.12
Kepler-102 d,0.00574989,0.105263,10.3117,0
Kepler-164 d,0.0190864,0.218574,28.986769,
HD 40307 b,0.0129071,,4.3115,0
Kepler-199 c,0.0316029,0.289946,67.093408,
Kepler-344 b,0.0210192,0.232849,21.963945,
Kepler-132 b,0.0057099,0.107949,6.178196,
iota Dra b,9.31534,,511.098,0.7124
HD 108874 b,1.2902,,394.48124,0.1276
Kepler-250 d,0.0163243,0.194487,17.648312,
Kepler-256 d,0.0194307,0.221251,5.839172,
Kepler-187 b,0.00960182,0.125792,4.938864,
HD 4732 b,2.37727,,360.2,0.13
Kepler-374 d,0.00749504,0.11687,5.028219,
Kepler-383 c,0.00621274,0.110625,31.200751,
HD 23596 b,7.74272,,1561,0.266
Kepler-295 b,0.00587447,0.108841,12.645164,
Kepler-171 d,0.0139171,0.168615,39.595519,
HD 25171 b,0.956204,,1845,0.08
HD 83443 b,0.395855,,2.985698,0.013
Kepler-287 b,0.0177874,0.207869,20.342199,
WASP-36 b,2.26929,1.269,1.5373653,0
Kepler-213 c,0.0178911,0.208761,4.822962,
Kepler-268 b,0.0202659,0.227496,25.934138,
HD 43691 b,2.49717,,36.959999,0.14
Kepler-204 b,0.0200225,0.225711,14.400974,
Kepler-149 c,0.0119837,0.143635,55.328328,
30 Ari B b,9.87792,,335.1,0.289
HAT-P-6 b,1.05957,1.33,3.852985,0
Kepler-35 b,0.127011,0.728,131.458,0.042
Kepler-397 b,0.0192003,0.219467,22.250949,
Kepler-129 c,0.0202659,0.227496,82.20017,
Kepler-398 c,0.00302153,0.0901062,11.419412,
Kepler-211 b,0.00656354,0.11241,4.138575,
Kepler-242 b,0.0210192,0.232849,8.20395,
Kepler-138 b,0.000512832,0.0544206,10.312364,
Kepler-389 b,0.0120453,0.134713,3.244107,
PSR B1257+12 A,6.29E-05,,25.262,0
BD -08 2823 c,0.328101,,237.6,0.19
4 UMa b,7.13242,,269.29999,0.432
Qatar-1 b,1.08979,1.164,1.420033,0
HD 10697 b,6.23505,,1075.2,0.099
Kepler-194 b,0.0120453,0.134713,2.092281,
Kepler-221 d,0.022635,0.243554,10.04156,
Kepler-338 d,0.0268614,0.267642,44.431014,
Kepler-32 e,0.0117511,0.133702,2.896,
HD 113337 b,2.83,,324,0.46
Kepler-146 b,0.0427893,0.330984,31.158799,
Kepler-11 f,0.00723031,0.221888,46.6888,0.013
BD +20 2457 b,11.8883,,379.63,0.15
Kepler-176 c,0.0208911,0.231956,12.759712,
mu Ara d,0.0345873,,9.6386,0.172
HD 3651 b,0.228975,,62.218,0.596
KIC 11442793 d,0.0247111,0.256,56.73667,
HD 99706 b,1.40289,,868,0.37
Kepler-251 b,0.00789025,0.118655,4.790936,
HD 169830 b,2.88946,,225.62,0.31
Kepler-292 c,0.0110268,0.131145,3.715335,
HD 175541 b,0.52763,,297.3,0.33
Kepler-324 b,0.00464108,0.101704,4.385315,
Kepler-250 c,0.0172808,0.203408,7.156804,
HD 202206 c,2.33098,,1383.4,0.267
Kepler-309 b,0.0116666,0.139174,5.923653,
HD 145457 b,2.97219,,176.3,0.112
Kepler-261 c,0.0147725,0.178428,24.570858,
Kepler-336 c,0.0156092,0.187349,9.600001,
HD 206610 b,1.97113,,610,0.229
M 67 SAND 364 b,1.88274,,121.71,0.35
Kepler-100 b,0.0230941,0.117763,6.88705,0
Kepler-365 b,0.0151,0.181997,10.664903,
HD 12661 c,1.9487,,1707.8812,0.0312556
Kepler-12 b,0.431956,1.695,4.4379637,0
Kepler-229 d,0.0469127,0.343474,41.194912,
KIC 11442793 c,0.0053608,0.106,8.719375,
HAT-P-36 b,1.83923,1.264,1.327347,0.063
WASP-35 b,0.717098,1.32,3.161575,0
HD 69830 d,0.0563373,,197,0.07
HD 28254 b,1.1614,,1116,0.81
HD 81688 b,2.6907,,184.02,0
HD 210277 b,1.27275,,442.19,0.476
Kepler-132 c,0.00692663,0.114194,6.414914,
WTS-1 b,3.99885,1.49,3.352059,0.05
Kepler-322 b,0.00302153,0.0901062,1.653888,
HR 8799 c,9.5,1.2,82145,0
Kepler-51 b,0.143868,0.628398,45.1555023,
Kepler-252 b,0.00604207,0.109733,6.668391,
XO-1 b,0.918464,1.206,3.941534,0
Kepler-63 b,0.125283,0.545,9.4341505,
Kepler-33 d,0.095206,0.477,21.77596,0
Kepler-287 c,0.0318107,0.290838,44.851896,
Kepler-245 b,0.0205131,0.22928,7.49019,
Kepler-100 c,0,0.196271,12.8159,0
Kepler-180 c,0.027035,0.268534,41.885775,
Kepler-82 e,0.019315,0.220359,5.902206,
Kepler-20 d,0.0236865,0.24512,77.61184,0
Kepler-217 b,0.0167934,0.198947,5.374943,
Kepler-235 e,0.0166981,0.198055,46.183669,
Kepler-227 c,0.0275635,0.271211,54.418694,
Kepler-169 d,0.00638668,0.111518,8.348125,
Kepler-254 b,0.0475314,0.345258,5.826662,
Kepler-79 e,0.033971,0.299759,81.065298,
Kepler-241 b,0.0177874,0.207869,12.718092,
55 Cnc b,0.801471,,14.651,0.004
Kepler-380 c,0.00674351,0.113302,7.630004,
Kepler-384 b,0.00436179,0.0999197,22.597053,
Kepler-193 c,0.0229193,0.245339,50.697494,
Kepler-368 c,0.0478436,0.34615,72.379334,
Kepler-102 f,0.00195073,0.0785013,27.4536,0
Kepler-131 c,0.0525494,0.0749398,25.5169,0
Kepler-74 b,0.66711,1.32,7.340718,0.287
HD 207832 b,0.564176,,161.97,0.13
M 67 YBP 1514 b,0.397418,,5.118,0.39
WASP-55 b,0.571173,1.3,4.465633,0
Kepler-280 b,0.010538,0.12936,2.139542,
Kepler-325 c,0.0201438,0.226604,12.762172,
HD 33283 b,0.330171,,18.179001,0.48
OGLE-TR-111 b,0.55,1.051,4.0144479,0
MOA-2007-BLG-400L b,0.83,,,
HD 10180 e,0.0797893,,49.747,0.065
Kepler-185 b,0.00508144,0.10438,1.6329,
55 Cnc d,3.54451,,4909,0.02
WASP-3 b,2.01184,1.29,1.846834,0
HD 148156 b,0.847612,,1027,0.52
Kepler-172 d,0.0169862,0.200732,14.627119,
Kepler-182 c,0.0355742,0.306004,20.684342,
TrES-5 b,1.7781,1.209,1.4822446,0
Kepler-49 e,0.0116666,0.139174,18.596108,
HD 222155 b,2.02633,,3999,0.16
Kepler-399 c,0.0100631,0.127576,26.67569,
Kepler-175 c,0.0286557,0.276563,34.035257,
Kepler-391 c,0.0382517,0.315818,20.485435,
HD 73526 b,2.8556,,188.3,0.19
Kepler-200 b,0.0158724,0.190026,8.594805,
HD 117207 b,1.8189,,2597,0.144
Kepler-122 d,0.0165098,0.196271,21.587475,
HD 121504 b,1.2223,,63.330002,0.03
HD 156846 b,11.0076,,359.51001,0.8472
Kepler-18 b,0.022,0.17843,3.504725,0
HR 8799 d,9.5,1.37,41054,0.1
HAT-P-23 b,2.09606,1.368,1.212884,0.106
HD 224693 b,0.714594,,26.73,0.05
Kepler-388 c,0.00170474,0.0767241,13.297004,
Kepler-246 c,0.0117855,0.133821,11.187161,
HD 158038 b,1.79425,,521,0.291
Kepler-240 b,0.00871939,0.122223,4.144495,
Kepler-26 c,0.0397121,0.320884,17.25204,0
Kepler-143 c,0.0341953,0.300651,27.082511,
GJ 179 b,0.824243,,2288,0.21
Kepler-206 b,0.00554835,0.107057,7.781987,
Kepler-22 b,0.0183345,0.2125,289.8623,
Kepler-68 c,0.015142,0.0849452,9.605085,0
Kepler-300 b,0.0123736,0.148987,10.446347,
Kepler-110 c,0.0166036,0.197163,31.719775,
Kepler-42 d,0.000404706,0.0508067,1.865169,
Kepler-357 d,0.0355742,0.306004,49.499875,
HD 143361 b,3.03499,,1086,0.18
HD 155358 b,0.819484,,194.3,0.17
Kepler-134 b,0.0147725,0.178428,5.317429,
Kepler-369 b,0.00450004,0.100812,2.732756,
HD 192310 b,0.0531258,,74.72,0.13
Kepler-257 d,0.0812259,0.441609,24.664551,
Kepler-342 b,0.0169862,0.200732,15.170318,
Kepler-119 b,0.0397965,0.321171,2.422082,
WASP-64 b,1.27137,1.271,1.5732918,0
Kepler-190 b,0.0116666,0.139174,2.019999,
upsilon And b,0.669277,,4.6171363,0.013
Kepler-56 c,0.196739,0.699706,21.4050484,
Kepler-237 b,0.00960182,0.125792,4.715106,
Kepler-223 e,0.0185304,0.214114,19.721734,
HD 86081 b,1.49595,,2.1375,0.008
HD 109246 b,0.768085,,68.27,0.12
Kepler-81 d,0.0057099,0.107949,20.837846,
Kepler-68 d,0.80971,,580,0.18
Kepler-403 c,0.0129124,0.156125,54.280749,
Kepler-197 d,0.00587447,0.108841,15.677563,
Kepler-348 b,0.0123086,0.135605,7.05677,
Kepler-341 d,0.0136211,0.165046,27.666313,
HD 128311 c,3.24848,,923.8,0.23
Kepler-364 c,0.0160511,0.19181,59.980627,
Kepler-299 e,0.0137681,0.16683,38.285489,
CoRoT-23 b,3.0853,1.05,3.6313,0.16
Kepler-387 c,0.00192504,0.0794005,11.837549,
Kepler-54 d,0.0125754,0.136497,20.995694,
WASP-39 b,0.284338,1.27,4.055259,0
Kepler-102 e,0.0280968,0.198037,16.1457,0
Kepler-219 b,0.0260126,0.263181,4.585512,
GJ 876 b,1.9469,,61.1166,0.0324
Kepler-385 b,0.022635,0.243554,10.043686,
Kepler-374 b,0.00324127,0.0918904,1.897806,
Kepler-296 e,0.0129124,0.156125,34.142347,
HD 164509 b,0.480333,,282.4,0.26
HD 9446 b,0.698769,,30.052,0.2
HD 18742 b,2.8638,,772,0.12
Kepler-255 b,0.011604,0.138282,5.714606,
Kepler-197 b,0.00313003,0.0909983,5.599308,
Kepler-183 c,0.0171819,0.202516,11.637071,
Kepler-232 b,0.0282863,0.274779,4.431222,
Kepler-345 c,0.00554835,0.107057,9.387427,
WASP-80 b,0.551763,0.952,3.0678504,0
HD 167042 b,1.63682,,420.77,0.089
Kepler-152 b,0.0235009,0.248907,18.207973,
HD 69830 b,0.0316488,,8.6669998,0.1
Kepler-8 b,0.585742,1.419,3.52254,0
Kepler-336 d,0.0182069,0.211437,20.678772,
Kepler-353 c,0.00893492,0.123115,8.410894,
HD 114762 b,11.6351,,83.9151,0.3354
Kepler-154 b,0.0170837,0.201624,33.040532,
61 Vir c,0.0333747,,38.021,0.14
HD 45652 b,0.468448,,43.6,0.38
Kepler-237 c,0.015437,0.185565,8.103636,
HAT-P-14 b,2.23603,1.15,4.627669,0.107
Kepler-317 c,0.0127076,0.153448,8.77501,
Kepler-301 d,0.0129124,0.156125,13.751243,
Kepler-148 c,0.0397965,0.321171,4.180043,
Kepler-49 d,0.0119197,0.142742,2.576549,
Kepler-169 b,0.00450004,0.100812,3.250619,
WASP-66 b,2.31346,1.39,4.086052,0
HD 73256 b,1.86902,,2.5485799,0.029
Kepler-303 c,0.00464108,0.101704,7.061149,
Kepler-168 b,0.0107805,0.130252,4.425391,
Kepler-56 b,0.0465014,0.342276,10.5034294,
6 Lyn b,2.20888,,874.774,0.059
Kepler-238 b,0.0127755,0.15434,2.090876,
Kepler-151 c,0.0155228,0.186457,24.674612,
Kepler-150 b,0.00638668,0.111518,3.428054,
HD 180314 b,22.6261,,396.03,0.257
HD 17092 b,4.96206,,359.89999,0.166
Kepler-353 b,0.00192504,0.0794005,5.795278,
HIP 57274 b,0.0365708,,8.1352,0.187
Kepler-93 b,0.00814901,0.134,4.72674,0
Kepler-281 c,0.0938647,0.473726,36.337373,
Kepler-236 b,0.0117295,0.140066,8.295611,
HD 202206 b,16.8244,,255.87,0.435
WASP-5 b,1.62423,1.14,1.6284229,0
Kepler-78 b,0.00491648,0.103396,0.35500744,
Kepler-55 f,0.011856,0.14185,10.198545,
Kepler-314 c,0.025195,0.258721,5.960392,
CoRoT-2 b,3.27527,1.466,1.7429935,0.0143
Kepler-187 c,0.0218083,0.238201,10.640263,
Kepler-257 c,0.0975428,0.482648,6.581484,
HD 108874 c,1.02837,,1680.3835,0.273039
Kepler-289 b,0.0188614,0.21679,34.543901,
Kepler-346 c,0.0281036,0.273887,23.851549,
HD 200964 c,0.945722,,825,0.181
HD 10180 h,0.206033,,2248,0.151
HD 33142 b,1.41137,,326.6,0.12
Kepler-402 e,0.0107805,0.130252,11.242861,
HAT-P-20 b,7.28953,0.867,2.875317,0.015
HD 7924 b,0.0291185,,5.3978,0.17
CoRoT-5 b,0.462537,1.388,4.0378962,0.09
WASP-47 b,1.13646,1.15,4.1591399,0
Kepler-194 d,0.0185304,0.214114,52.814973,
OGLE-2011-BLG-0251 b,0.53,,,
Kepler-36 b,0.0140379,0.132454,13.83989,0
Kepler-161 b,0.0157841,0.189134,4.921355,
HAT-P-35 b,1.05422,1.332,3.646706,0.025
HD 99109 b,0.504198,,439.3,0.09
Kepler-253 c,0.0215411,0.236417,10.281951,
Kepler-5 b,2.11663,1.431,3.54846,0
Kepler-161 c,0.0151834,0.182889,7.06424,
HD 10647 b,0.925037,,1003,0.16
Kepler-331 b,0.013404,0.16237,8.457496,
Kepler-28 c,0.0348081,0.303057,8.98597,0
Kepler-121 b,0.0178911,0.208761,3.177422,
Kepler-412 b,0.940391,1.325,1.720861232,0.0038
upsilon And c,1.91855,,241.33335,0.223848
Kepler-170 c,0.0245625,0.255152,16.665863,
Kepler-122 b,0.0178911,0.208761,5.766193,
WASP-12 b,1.36063,1.79,1.09142245,0.049
Kepler-148 b,0.0132614,0.160585,1.729366,
HD 170469 b,0.668676,,1145,0.11
Kepler-285 b,0.00809262,0.119547,2.633867,
HD 88133 b,0.296108,,3.41587,0.133
HD 196885 b,2.9439,,1333,0.48
24 Sex b,1.83564,,455.2,0.184
HD 190228 b,5.94193,,1136.1,0.531
Kepler-333 b,0.00769114,0.117763,12.551158,
Kepler-370 c,0.0140679,0.170399,19.02293,
OGLE-2006-BLG-109L b,0.727,,1788.5,
Kepler-111 c,0.159251,0.651262,224.784608,
Kepler-267 d,0.0171819,0.202516,28.464515,
HD 181720 b,0.37199,,956,0.26
55 Cnc c,0.164558,,44.38,0.07
HD 156411 b,0.732711,,842.2,0.22
Kepler-101 b,0.115399,0.523686,3.487691,
91 Aqr b,3.07016,,181.4,0.027
Kepler-362 b,0.0018494,0.0785083,10.327186,
Kepler-301 b,0.00829825,0.120439,2.508553,
Kepler-403 b,0.00638668,0.111518,7.031462,
Kepler-404 c,0.0127076,0.153448,14.751166,
Kepler-279 b,0.0403249,0.322955,12.309681,
HD 27894 b,0.617925,,17.990999,0.049
HD 156279 b,9.7848,,131.05,0.708
Kepler-207 d,0.032872,0.295298,5.868075,
Kepler-297 c,0.117213,0.58346,74.920137,
Kepler-345 b,0.00100422,0.0660184,7.415563,
61 Vir d,0.0715929,,123.01,0.35
Kepler-141 c,0.00960182,0.125792,7.010606,
HD 179079 b,0.0837774,,14.476,0.115
Kepler-220 d,0.00271267,0.0874297,28.122397,
OGLE-05-390L b,0.0173,,3500,
WASP-4 b,1.22311,1.341,1.3382299,0
Kepler-141 b,0.000786457,0.0615577,3.107675,
HD 4113 b,1.64829,,526.62,0.903
HD 330075 b,0.623724,,3.38773,0
Kepler-256 e,0.0179955,0.209653,10.681572,
HD 104985 b,4.9174,,199.505,0.09
Kepler-189 b,0.0057099,0.107949,10.399931,
Kepler-101 c,0.00789025,0.118655,6.029809,
HD 87883 b,1.75571,,2754,0.53
Kepler-81 c,0.0181548,0.211,12.04,
Kepler-156 c,0.0202659,0.227496,15.906801,
Kepler-127 d,0.0214091,0.235525,48.630408,
HD 10180 g,0.0673813,,602,0
Kepler-275 c,0.0344212,0.301543,16.088134,
Kepler-201 c,0.0244074,0.25426,151.884058,
Kepler-208 c,0.00915403,0.124008,7.466623,
Kepler-274 b,0.0115417,0.13739,11.634788,
HD 66428 b,2.74962,,1973,0.465
HD 52265 b,1.07139,,119.29,0.325
Kepler-75 b,9.98479,1.03,8.884924,0.569
Kepler-326 c,0.00937625,0.1249,4.580358,
Kepler-249 c,0.0120453,0.134713,7.113702,
Kepler-79 c,0.0337539,0.247,27.402,
HD 16417 b,0.0669595,,17.24,0.2
Kepler-251 c,0.0232079,0.247123,16.514043,
Kepler-15 b,0.662431,0.96,4.942782,0.133933
HD 205739 b,1.48708,,279.8,0.27
Kepler-302 b,0.0537981,0.362209,30.184104,
Kepler-317 b,0.0155228,0.186457,5.524242,
Kepler-152 c,0.0184218,0.213222,88.255055,
Kepler-343 b,0.0186399,0.215006,8.96855,
CoRoT-16 b,0.537982,1.17,5.35227,0.33
HD 216770 b,0.646927,,118.45,0.37
HD 136418 b,1.9935,,464.3,0.255
Kepler-59 b,0.00441201,0.100246,11.8681707,
Kepler-98 b,0.010276,0.177536,1.54168,0
Kepler-192 b,0.0227766,0.244446,9.926746,
beta Pic b,9,,7154,0.021
Kepler-202 c,0.0136211,0.165046,16.282493,
GJ 163 d,0.0926098,,603.95116,0.373
Kepler-339 c,0.00478497,0.102596,6.988055,
HD 188015 b,1.46957,,461.2,0.137
WASP-59 b,0.859095,0.775,7.919585,0.1
WASP-54 b,0.63273,1.653,3.6936411,0.067
HAT-P-8 b,1.29336,1.5,3.076337,0
WASP-15 b,0.542797,1.379,3.7521,0
HD 10180 d,0.0376549,,16.3567,0.143
HD 9446 c,1.81548,,192.9,0.06
XO-4 b,1.60254,1.33,4.1250828,0
WASP-48 b,0.984236,1.67,2.143634,0
HD 37124 b,0.674371,,154.378,0.054
Kepler-89 b,0.0287348,0.1558,3.743208,0.25
WASP-32 b,3.45362,1.1,2.718661,0
Kepler-265 b,0.0136944,0.165938,6.846262,
OGLE-TR-211 b,0.757277,1.36,3.67724,0
gamma Cep b,1.51728,,905.574,0.12
Kepler-325 b,0.0253561,0.259613,4.544439,
Kepler-11 g,0.0332233,0.296741,118.3807,0
Kepler-256 b,0.011856,0.14185,1.620493,
GJ 86 b,4.00104,,15.76491,0.0416
HR 8799 e,7,,16422,0
HD 8574 b,1.80603,,227,0.297
Kepler-269 c,0.0125062,0.150772,8.127899,
MOA-2007-BLG-192L b,0.01,,,
Kepler-250 b,0.00450004,0.100812,4.148141,
HD 82886 b,1.30477,,705,0.066
HD 179949 b,0.902075,,3.092514,0.022
HD 2952 b,1.62021,,311.6,0.129
Kepler-169 e,0.0165098,0.196271,13.767102,
MOA-2009-BLG-319L b,0.157,,,
HIP 14810 c,1.27518,,147.76916,0.153155
Kepler-358 c,0.0244074,0.25426,83.488369,
HD 28678 b,1.8997,,387.1,0.168
WASP-56 b,0.605385,1.092,4.617101,0
Kepler-18 c,0.0544,0.489785,7.64159,0.000338541
Kepler-215 e,0.0129124,0.156125,68.16101,
Kepler-230 c,0.0151,0.181997,91.773242,
Kepler-388 b,0.00137963,0.0722634,3.173315,
Kepler-107 e,0.0360464,0.307788,14.749049,
CoRoT-8 b,0.216078,0.57,6.21229,0
Kepler-401 b,0.0126401,0.152556,14.383035,
Kepler-291 c,0.0138423,0.167722,5.700786,
Kepler-292 e,0.0218083,0.238201,11.97901,
HD 96167 b,0.68457,,498.9,0.71
HD 43197 b,0.596868,,327.8,0.83
HD 37605 c,3.36552,,2720,0.013
Kepler-81 b,0.0187628,0.216,5.955,
HD 183263 b,3.57445,,626.516,0.35672
Kepler-347 c,0.0129124,0.156125,27.320871,
Kepler-32 c,0.0147699,0.1784,8.7522,0
Kepler-23 b,0.0139795,0.169356,7.10664,0
WASP-23 b,0.872226,0.962,2.9444256,0
11 Com b,16.1284,,326.03,0.231
HD 145377 b,5.78201,,103.95,0.307
Kepler-194 c,0.0207641,0.231064,17.308032,
CoRoT-25 b,0.27,1.08,4.86069,0
Kepler-332 b,0.00508144,0.10438,7.626324,
omicron CrB b,1.47736,,187.83,0.191
Kepler-229 c,0.0802152,0.438933,16.068638,
OGLE-TR-132 b,1.18,1.2,1.689868,0
beta Gem b,2.75822,,589.64001,0.02
Pr 201 b,0.540155,,4.4264,0
WASP-52 b,0.457165,1.27,1.7497798,0
Kepler-337 c,0.0151834,0.182889,9.693201,
Kepler-213 b,0.0120479,0.144527,2.46236,
Kepler-386 c,0.0117926,0.140958,25.193458,
47 UMa b,2.54589,,1078,0.032
HD 240210 b,7.28868,,501.75,0.15
Kepler-304 b,0.0245625,0.255152,3.295709,
Kepler-149 d,0.0504114,0.353288,160.018032,
Kepler-77 b,0.430957,0.96,3.57878087,0
HD 109749 b,0.27467,,5.24,0
HD 45364 c,0.658513,,342.85,0.0974
Kepler-55 d,0.011856,0.14185,2.211099,
Kepler-327 b,0.00422638,0.0990276,2.549575,
WASP-50 b,1.47244,1.153,1.9550959,0.009
HD 159243 c,1.9,,248.4,0.075
Kepler-87 c,0.0201,0.549,191.2318,0.039
Kepler-105 c,0.0119837,0.143635,7.125939,
Kepler-195 c,0.011604,0.138282,34.096863,
GJ 3470 b,0.0440093,0.374365,3.336649,0
Kepler-290 c,0.0222169,0.240878,36.77031,
Kepler-334 d,0.00960182,0.125792,25.09849,
Kepler-273 c,0.0146122,0.176644,8.014927,
eta Cet c,3.28703,,744.5,0.025
Kepler-266 b,0.0194307,0.221251,6.61833,
HD 96127 b,4.00701,,647.3,0.3
Kepler-223 b,0.0125062,0.150772,7.384108,
HD 17156 b,3.30275,1.02,21.21663,0.6819
Kepler-137 c,0.0138423,0.167722,18.735753,
Kepler-116 c,0.0174811,0.205192,13.07163,
Kepler-117 b,0.194248,0.696762,18.795952,
Kepler-381 c,0.00436179,0.0999197,13.391635,
HD 16760 b,13.2921,,465.1,0.067
HD 30562 b,1.33254,,1157,0.76
Kepler-354 d,0.00621274,0.110625,24.209842,
Kepler-332 c,0.00396389,0.0972433,15.995622,
Kepler-46 b,0.314805,0.808,33.60134,0.01
epsilon CrB b,6.04937,,417.9,0.11
omicron UMa b,4.09607,,1630,0.13
Kepler-367 b,0.00730238,0.115978,37.815724,
TrES-2 b,1.20071,1.224,2.47063,0
Kepler-235 d,0.0151834,0.182889,20.060548,
Kepler-282 c,0.00554835,0.107057,13.638723,
HD 102195 b,0.452799,,4.113775,0
Kepler-324 c,0.0296032,0.281024,51.805612,
HD 75289 b,0.46004,,3.509267,0.034
Kepler-394 c,0.0123078,0.148095,12.130686,
Kepler-385 c,0.0275635,0.271211,15.163161,
HD 185269 b,0.954212,,6.8378503,0.295952
WASP-7 b,0.919279,0.915,4.954658,0
WASP-41 b,0.932493,1.2,3.052401,0
BD -10 3166 b,0.429903,,3.48777,0.019
HD 190360 b,1.53512,,2915.0369,0.313105
HAT-P-13 c,14.2696,,446.27,0.6616
Kepler-304 c,0.0162325,0.193594,5.315946,
Kepler-303 b,0.00192504,0.0794005,1.937055,
GJ 317 b,1.26045,,692,0.11
HD 37605 b,2.80174,,55.01307,0.6767
WASP-44 b,0.889836,1.14,2.4238039,0
Kepler-260 c,0.0128437,0.155232,76.050178,
Kepler-286 c,0.00871939,0.122223,3.468095,
CoRoT-12 b,0.91918,1.44,2.828042,0.07
CoRoT-1 b,1.02979,1.49,1.5089557,0
HD 125612 c,0.0580667,,4.15474,0.27499
Kepler-267 b,0.0146122,0.176644,3.353728,
Kepler-112 c,0.0185304,0.214114,28.574263,
GJ 581 b,0.0499019,,5.36865,0.031
Kepler-173 b,0.00711292,0.115086,4.263742,
HD 102117 b,0.169756,,20.8133,0.121
Kepler-301 c,0.00829825,0.120439,5.419026,
HD 189733 b,1.1436,1.138,2.21857567,0
HD 108863 b,2.76572,,443.4,0
Kepler-404 b,0.00674351,0.113302,11.829851,
Kepler-285 c,0.00436179,0.0999197,6.186676,
Kepler-174 c,0.0115291,0.132929,44.000529,
Kepler-286 b,0.00621274,0.110625,1.796302,
Kepler-206 d,0.00538981,0.106165,23.44281,
Kepler-209 c,0.0286557,0.276563,41.749882,
HD 1502 b,2.9072,,431.8,0.101
HD 142022 b,4.46762,,1928,0.53
Kepler-134 c,0.00656354,0.11241,10.105785,
Kepler-126 b,0.0123086,0.135605,10.495711,
Kepler-329 c,0.0142208,0.172183,18.684737,
Kepler-131 b,0.0497212,0.215006,16.092,0
WASP-72 b,1.40771,1.01,2.216726,0
HD 212771 b,2.70016,,373.3,0.111
Kepler-135 b,0.0133325,0.161477,6.00253,
HD 134987 b,1.56347,,258.18,0.233
Kepler-149 b,0.0581875,0.375591,29.198943,
Kepler-289 c,1,1.16335,125.866438,
HD 187123 c,1.9422,,3805.6705,0.252086
HD 101930 b,0.299187,,70.459999,0.11
Kepler-46 c,0.376,,57.011,0.0146
Kepler-174 d,0.0164167,0.195379,247.35373,
Kepler-253 d,0.0299917,0.282808,18.119869,
HD 131664 b,18.3282,,1951,0.638
HIP 57050 b,0.297735,,41.397,0.314
Kepler-9 d,0.0121773,0.146311,1.592851,0
Kepler-49 b,0.0224607,0.242446,7.2037945,
WASP-67 b,0.41931,1.4,4.61442,0
HD 147018 c,6.59355,,1008,0.133
Kepler-32 b,0.0165128,0.1963,5.90124,0
HD 92788 b,3.56392,,325.81,0.334
Kepler-83 c,0.0181548,0.211,20.09,
CoRoT-26 b,0.479479,1.26,4.20474,0
HAT-P-12 b,0.210804,0.959,3.2130598,0
Kepler-178 c,0.0248763,0.256936,20.552802,
Kepler-82 d,0.0130508,0.157909,2.382961,
HD 114613 b,0.506039,,3827,0.25
Kepler-130 d,0.0121773,0.146311,87.517905,
HD 154857 b,2.24797,,408.6,0.46
Kepler-106 e,0.0203863,0.228368,43.8445,0
Kepler-355 b,0.0107805,0.130252,11.03189,
Kepler-220 c,0.0117295,0.140066,9.034199,
Kepler-243 b,0.0190864,0.218574,5.715442,
Kepler-297 b,0.0247188,0.256044,38.871826,
Kepler-220 b,0.00137963,0.0722634,4.159807,
Kepler-245 c,0.0163243,0.194487,17.460812,
Kepler-25 c,0.0899033,0.463913,12.7204,0
HD 163607 b,0.768857,,75.29,0.73
HATS-2 b,1.34915,1.168,1.354133,0
HD 19994 b,1.32681,,466.2,0.266
WASP-29 b,0.242991,0.792,3.922727,0.03
OGLE-TR-182 b,1.0245,1.13,3.9791,0
HD 85512 b,0.0113953,,58.43,0.11
HD 106252 b,6.95913,,1531,0.482
Kepler-222 d,0.0422294,0.3292,28.081912,
Kepler-394 b,0.0119197,0.142742,8.005013,
18 Del b,10.298,,993.3,0.08
Kepler-218 b,0.0112762,0.132037,3.619337,
Kepler-54 c,0.00602351,0.109635,12.0717249,
Kepler-33 b,0.0128331,0.155094,5.66793,0
Kepler-391 b,0.0305853,0.285485,7.416755,
Kepler-55 e,0.011604,0.138282,4.617534,
Kepler-34 b,0.220004,0.764,288.822,0.182
Kepler-383 b,0.00769114,0.117763,12.904532,
HD 171028 b,1.98809,,550,0.59
Kepler-336 b,0.00313003,0.0909983,2.024823,
WASP-1 b,0.918,1.516,2.5199449,0
XO-5 b,1.15251,1.03,4.1877537,0
HAT-P-3 b,0.595712,0.899,2.899703,0
Kepler-252 c,0.0160511,0.19181,10.848463,
Kepler-247 b,0.0121773,0.146311,3.33616,
Kepler-251 e,0.0232079,0.247123,99.640161,
Kepler-282 b,0.00302153,0.0901062,9.220524,
Kepler-354 c,0.00749504,0.11687,16.934402,
upsilon And d,4.11582,,1278.1218,0.267395
,,,,
,,,,
,,,,
,,,,
,,,,
,,,,
,,,,
,,,,
,,,,
,,,,
,,,,
,,,,
,,,,
,,,,
,,,,
,,,,
,,,,
,,,,
,,,,
,,,,
,,,,
,,,,
,,,,
,,,,
,,,,
,,,,
,,,,
,,,,
,,,,
,,,,
,,,,
,,,,
,,,,
,,,,
,,,,
,,,,
,,,,
,,,,
,,,,
,,,,
,,,,
,,,,
,,,,
,,,,
,,,,
,,,,
,,,,
,,,,
,,,,
,,,,
,,,,
,,,,
,,,,
,,,,
,,,,
,,,,
,,,,
,,,,
,,,,
,,,,
,,,,
,,,,
,,,,
,,,,
,,,,
,,,,
,,,,
,,,,
,,,,
,,,,
,,,,
,,,,
,,,,
,,,,
,,,,
,,,,
,,,,
,,,,
,,,,
,,,,
,,,,
,,,,
,,,,
,,,,
,,,,
,,,,
,,,,
,,,,
,,,,
,,,,
,,,,
,,,,
,,,,
,,,,
,,,,
,,,,
,,,,
,,,,
,,,,
,,,,
,,,,
,,,,
,,,,
,,,,
,,,,
,,,,
,,,,
,,,,
,,,,
,,,,
,,,,
,,,,
,,,,
,,,,
,,,,
,,,,
,,,,
,,,,
,,,,
,,,,
,,,,
,,,,
,,,,
,,,,
,,,,
,,,,
,,,,
,,,,
,,,,
,,,,
,,,,
,,,,
,,,,
,,,,
,,,,
,,,,
,,,,
,,,,
,,,,
,,,,
,,,,
,,,,
,,,,
,,,,
,,,,
,,,,
,,,,
,,,,
,,,,
,,,,
,,,,
,,,,
,,,,
,,,,
,,,,
,,,,
,,,,
,,,,
,,,,
,,,,
,,,,
,,,,
,,,,
,,,,
,,,,
,,,,
,,,,
,,,,
,,,,
,,,,
,,,,
,,,,
,,,,
,,,,
,,,,
,,,,
,,,,
,,,,
,,,,
,,,,
,,,,
,,,,
,,,,
,,,,
,,,,
,,,,
,,,,
,,,,
,,,,
,,,,
,,,,
,,,,
,,,,
,,,,
,,,,
,,,,
,,,,
,,,,
,,,,
,,,,
,,,,
,,,,
,,,,
,,,,
,,,,
,,,,
,,,,
,,,,
,,,,
,,,,
,,,,
,,,,
,,,,
,,,,
,,,,
,,,,
,,,,
,,,,
,,,,
,,,,
,,,,
,,,,
,,,,
,,,,
,,,,
,,,,
,,,,
,,,,
,,,,
,,,,
,,,,
,,,,
,,,,
,,,,
,,,,
,,,,
,,,,
,,,,
,,,,
,,,,
,,,,
,,,,
,,,,
,,,,
,,,,
,,,,
,,,,
,,,,
,,,,
,,,,
,,,,
,,,,
,,,,
,,,,
,,,,
,,,,
,,,,
,,,,
,,,,
,,,,
,,,,
,,,,
,,,,
,,,,
,,,,
,,,,
,,,,
,,,,
,,,,
,,,,
,,,,
,,,,
,,,,
,,,,
,,,,
,,,,
,,,,
,,,,
,,,,
,,,,
,,,,
,,,,
,,,,
,,,,
,,,,
,,,,
,,,,
,,,,
,,,,
,,,,
,,,,
,,,,
,,,,
,,,,
,,,,
,,,,
,,,,
,,,,
,,,,
,,,,
,,,,
,,,,
,,,,
,,,,
,,,,
,,,,
,,,,
,,,,
,,,,
,,,,
,,,,
,,,,
,,,,
,,,,
,,,,
,,,,
,,,,
,,,,
,,,,
,,,,
,,,,
,,,,
,,,,
,,,,
,,,,
,,,,
,,,,
,,,,
,,,,
,,,,
,,,,
,,,,
,,,,
,,,,
,,,,
,,,,
,,,,
,,,,
,,,,
,,,,
,,,,
,,,,
,,,,
,,,,
,,,,
,,,,
,,,,
,,,,
,,,,
,,,,
,,,,
,,,,
,,,,
,,,,
,,,,
,,,,
,,,,
,,,,
,,,,
,,,,
,,,,
,,,,
,,,,
,,,,
,,,,
,,,,
,,,,
,,,,
,,,,
,,,,
,,,,
,,,,
,,,,
,,,,
,,,,
,,,,
,,,,
,,,,
,,,,
,,,,
,,,,
,,,,
,,,,
,,,,
,,,,
,,,,
,,,,
,,,,
,,,,
,,,,
,,,,
,,,,
,,,,
,,,,
,,,,
,,,,
,,,,
,,,,
,,,,
,,,,
,,,,
,,,,
,,,,
,,,,
,,,,
,,,,
,,,,
,,,,
,,,,
,,,,
,,,,
,,,,
,,,,
,,,,
,,,,
,,,,
,,,,
,,,,
,,,,
,,,,
,,,,
,,,,
,,,,
,,,,
,,,,
,,,,
,,,,
,,,,
,,,,
,,,,
,,,,
,,,,
,,,,
,,,,
,,,,
,,,,
,,,,
,,,,
,,,,
,,,,
,,,,
,,,,
,,,,
,,,,
,,,,
,,,,
,,,,
,,,,
,,,,
,,,,
,,,,
,,,,
,,,,
,,,,
,,,,
,,,,
,,,,
,,,,
,,,,
,,,,
,,,,
,,,,
,,,,
,,,,
,,,,
,,,,
,,,,
,,,,
,,,,
,,,,
,,,,
,,,,
,,,,
,,,,
,,,,
,,,,
,,,,
,,,,
,,,,
,,,,
,,,,
,,,,
,,,,
,,,,
,,,,
,,,,
,,,,
,,,,
,,,,
,,,,
,,,,
,,,,
,,,,
,,,,
,,,,
,,,,
,,,,
,,,,
,,,,
,,,,
,,,,
,,,,
,,,,
,,,,
,,,,
,,,,
,,,,
,,,,
,,,,
,,,,
,,,,
,,,,
,,,,
,,,,
,,,,
,,,,
,,,,
,,,,
,,,,
,,,,
,,,,
,,,,
,,,,
,,,,
,,,,
,,,,
,,,,
,,,,
,,,,
,,,,
,,,,
,,,,
,,,,
,,,,
,,,,
,,,,
,,,,
,,,,
,,,,
,,,,
,,,,
,,,,
,,,,
,,,,
,,,,
,,,,
,,,,
,,,,
,,,,
,,,,
,,,,
,,,,
,,,,
,,,,
,,,,
,,,,
,,,,
,,,,
,,,,
,,,,
,,,,
,,,,
,,,,
,,,,
,,,,
,,,,
,,,,
,,,,
,,,,
,,,,
,,,,
,,,,
,,,,
,,,,
,,,,
,,,,
,,,,
,,,,
,,,,
,,,,
,,,,
,,,,
,,,,
,,,,
,,,,
,,,,
,,,,
,,,,
,,,,
,,,,
,,,,
,,,,
,,,,
,,,,
,,,,
,,,,
,,,,
,,,,
,,,,
,,,,
,,,,
,,,,
,,,,
,,,,
,,,,
,,,,
,,,,
,,,,
,,,,
,,,,
,,,,
,,,,
,,,,
,,,,
,,,,
,,,,
,,,,
,,,,
,,,,
,,,,
,,,,
,,,,
,,,,
,,,,
,,,,
,,,,
,,,,
,,,,
,,,,
,,,,
,,,,
,,,,
,,,,
,,,,
,,,,
,,,,
,,,,
,,,,
,,,,
,,,,
,,,,
,,,,
,,,,
,,,,
,,,,
,,,,
,,,,
,,,,
,,,,
,,,,
,,,,
,,,,
,,,,
,,,,
,,,,
,,,,
,,,,
,,,,
,,,,
,,,,
,,,,
,,,,
,,,,
,,,,
,,,,
,,,,
,,,,
,,,,
,,,,
,,,,
,,,,
,,,,
,,,,
,,,,
,,,,
,,,,
,,,,
,,,,
,,,,
,,,,
,,,,
,,,,
,,,,
,,,,
,,,,
,,,,
,,,,
,,,,
,,,,
,,,,
,,,,
,,,,
,,,,
,,,,
,,,,
,,,,
,,,,
,,,,
,,,,
,,,,
,,,,
,,,,
,,,,
,,,,
,,,,
,,,,
,,,,
,,,,
,,,,
,,,,
,,,,
,,,,
,,,,
,,,,
,,,,
,,,,
,,,,
,,,,
,,,,
,,,,
,,,,
,,,,
,,,,
,,,,
,,,,
,,,,
,,,,
,,,,
,,,,
,,,,
,,,,
,,,,
,,,,
,,,,
,,,,
,,,,
,,,,
,,,,
,,,,
,,,,
,,,,
,,,,
,,,,
,,,,
,,,,
,,,,
,,,,
,,,,
,,,,
,,,,
,,,,
,,,,
,,,,
,,,,
,,,,
,,,,
,,,,
,,,,
,,,,
,,,,
,,,,
,,,,
,,,,
,,,,
,,,,
,,,,
,,,,
,,,,
,,,,
,,,,
,,,,
,,,,
,,,,
,,,,
,,,,
,,,,
,,,,
,,,,
,,,,
,,,,
,,,,
,,,,
,,,,
,,,,
,,,,
,,,,
,,,,
,,,,
,,,,
,,,,
,,,,
,,,,
,,,,
,,,,
,,,,
,,,,
,,,,
,,,,
,,,,
,,,,
,,,,
,,,,
,,,,
,,,,
,,,,
,,,,
,,,,
,,,,
,,,,
,,,,
,,,,
,,,,
,,,,
,,,,
,,,,
,,,,
,,,,
,,,,
,,,,
,,,,
,,,,
,,,,
,,,,
,,,,
,,,,
,,,,
,,,,
,,,,
,,,,
,,,,
,,,,
,,,,
,,,,
,,,,
,,,,
,,,,
,,,,
,,,,
,,,,
,,,,
,,,,
,,,,
,,,,
,,,,
,,,,
,,,,
,,,,
,,,,
,,,,
,,,,
,,,,
,,,,
,,,,
,,,,
,,,,
,,,,
,,,,
,,,,
,,,,
,,,,
,,,,
,,,,
,,,,
,,,,
,,,,
,,,,
,,,,
,,,,
,,,,
,,,,
,,,,
,,,,
,,,,
,,,,
,,,,
,,,,
,,,,
,,,,
,,,,
,,,,
,,,,
,,,,
,,,,
,,,,
,,,,
,,,,
,,,,
,,,,
,,,,
,,,,
,,,,
,,,,
,,,,
,,,,
,,,,
,,,,
,,,,
,,,,
,,,,
,,,,
,,,,
,,,,
,,,,
,,,,
,,,,
,,,,
,,,,
,,,,
,,,,
,,,,
,,,,
,,,,
,,,,
,,,,
,,,,
,,,,
,,,,
,,,,
,,,,
,,,,
,,,,
,,,,
,,,,
,,,,
,,,,
,,,,
,,,,
,,,,
,,,,
,,,,
,,,,
,,,,
,,,,
,,,,
,,,,
,,,,
,,,,
,,,,
,,,,
,,,,
,,,,
,,,,
,,,,
,,,,
,,,,
,,,,
,,,,
,,,,
,,,,
,,,,
,,,,
,,,,
,,,,
,,,,
,,,,
,,,,
,,,,
,,,,
,,,,
,,,,
,,,,
,,,,
,,,,
,,,,
,,,,
,,,,
,,,,
,,,,
,,,,
,,,,
,,,,
,,,,
,,,,
,,,,
,,,,
,,,,
,,,,
,,,,
,,,,
,,,,
,,,,
,,,,
,,,,
,,,,
,,,,
,,,,
,,,,
,,,,
,,,,
,,,,
,,,,
,,,,
,,,,
,,,,
,,,,
,,,,
,,,,
,,,,
,,,,
,,,,
,,,,
,,,,
,,,,
,,,,
,,,,
,,,,
,,,,
,,,,
,,,,
,,,,
,,,,
,,,,
,,,,
,,,,
,,,,
,,,,
,,,,
,,,,
,,,,
,,,,
,,,,
,,,,
,,,,
,,,,
,,,,
,,,,
,,,,
,,,,
,,,,
,,,,
,,,,
,,,,
,,,,
,,,,
,,,,
,,,,
,,,,
,,,,
,,,,
,,,,
,,,,
,,,,
,,,,
,,,,
,,,,
,,,,
,,,,
,,,,
,,,,
,,,,
,,,,
,,,,
,,,,
,,,,
,,,,
,,,,
,,,,
,,,,
,,,,
,,,,
,,,,
,,,,
,,,,
,,,,
,,,,
,,,,
,,,,
,,,,
,,,,
,,,,
,,,,
,,,,
,,,,
,,,,
,,,,
,,,,
,,,,
,,,,
,,,,
,,,,
,,,,
,,,,
,,,,
,,,,
,,,,
,,,,
,,,,
,,,,
,,,,
,,,,
,,,,
,,,,
,,,,
,,,,
,,,,
,,,,
,,,,
,,,,
,,,,
,,,,
,,,,
,,,,
,,,,
,,,,
,,,,
,,,,
,,,,
,,,,
,,,,
,,,,
,,,,
,,,,
,,,,
,,,,
,,,,
,,,,
,,,,
,,,,
,,,,
,,,,
,,,,
,,,,
,,,,
,,,,
,,,,
,,,,
,,,,
,,,,
,,,,
,,,,
,,,,
,,,,
,,,,
,,,,
,,,,
,,,,
,,,,
,,,,
,,,,
,,,,
,,,,
,,,,
,,,,
,,,,
,,,,
,,,,
,,,,
,,,,
,,,,
,,,,
,,,,
,,,,
,,,,
,,,,
,,,,
,,,,
,,,,
,,,,
,,,,
,,,,
,,,,
,,,,
,,,,
,,,,
,,,,
,,,,
,,,,
,,,,
,,,,
,,,,
,,,,
,,,,
,,,,
,,,,
,,,,
,,,,
,,,,
,,,,
,,,,
,,,,
,,,,
,,,,
,,,,
,,,,
,,,,
,,,,
,,,,
,,,,
,,,,
,,,,
,,,,
,,,,
,,,,
,,,,
,,,,
,,,,
,,,,
,,,,
,,,,
,,,,
,,,,
,,,,
,,,,
,,,,
,,,,
,,,,
,,,,
,,,,
,,,,
,,,,
,,,,
,,,,
,,,,
,,,,
,,,,
,,,,
,,,,
,,,,
,,,,
,,,,
,,,,
,,,,
,,,,
,,,,
,,,,
,,,,
,,,,
,,,,
,,,,
,,,,
,,,,
,,,,
,,,,
,,,,
,,,,
,,,,
,,,,
,,,,
,,,,
,,,,
,,,,
,,,,
,,,,
,,,,
,,,,
,,,,
,,,,
,,,,
,,,,
,,,,
,,,,
,,,,
,,,,
,,,,
,,,,
,,,,
,,,,
,,,,
,,,,
,,,,
,,,,
,,,,
,,,,
,,,,
,,,,
,,,,
,,,,
,,,,
,,,,
,,,,
,,,,
,,,,
,,,,
,,,,
,,,,
,,,,
,,,,
,,,,
,,,,
,,,,
,,,,
,,,,
,,,,
,,,,
,,,,
,,,,
,,,,
,,,,
,,,,
,,,,
,,,,
,,,,
,,,,
,,,,
,,,,
,,,,
,,,,
,,,,
,,,,
,,,,
,,,,
,,,,
,,,,
,,,,
,,,,
,,,,
,,,,
,,,,
,,,,
,,,,
,,,,
,,,,
,,,,
,,,,
,,,,
,,,,
,,,,
,,,,
,,,,
,,,,
,,,,
,,,,
,,,,
,,,,
,,,,
,,,,
,,,,
,,,,
,,,,
,,,,
,,,,
,,,,
,,,,
,,,,
,,,,
,,,,
,,,,
,,,,
,,,,
,,,,
,,,,
,,,,
,,,,
,,,,
,,,,
,,,,
,,,,
,,,,
,,,,
,,,,
,,,,
,,,,
,,,,
,,,,
,,,,
,,,,
,,,,
,,,,
,,,,
,,,,
,,,,
,,,,
,,,,
,,,,
,,,,
,,,,
,,,,
,,,,
,,,,
,,,,
,,,,
,,,,
,,,,
,,,,
,,,,
,,,,
,,,,
,,,,
,,,,
,,,,
,,,,
,,,,
,,,,
,,,,
,,,,
,,,,
,,,,
,,,,
,,,,
,,,,
,,,,
,,,,
,,,,
,,,,
,,,,
,,,,
,,,,
,,,,
,,,,
,,,,
,,,,
,,,,
,,,,
,,,,
,,,,
,,,,
,,,,
,,,,
,,,,
,,,,
,,,,
,,,,
,,,,
,,,,
,,,,
,,,,
,,,,
,,,,
,,,,
,,,,
,,,,
,,,,
,,,,
,,,,
,,,,
,,,,
,,,,
,,,,
,,,,
,,,,
,,,,
,,,,
,,,,
,,,,
,,,,
,,,,
,,,,
,,,,
,,,,
,,,,
,,,,
,,,,
,,,,
,,,,
,,,,
,,,,
,,,,
,,,,
,,,,
,,,,
,,,,
,,,,
,,,,
,,,,
,,,,
,,,,
,,,,
,,,,
,,,,
,,,,
,,,,
,,,,
,,,,
,,,,
,,,,
,,,,
,,,,
,,,,
,,,,
,,,,
,,,,
,,,,
,,,,
,,,,
,,,,
,,,,
,,,,
,,,,
,,,,
,,,,
,,,,
,,,,
,,,,
,,,,
,,,,
,,,,
,,,,
,,,,
,,,,
,,,,
,,,,
,,,,
,,,,
,,,,
,,,,
,,,,
,,,,
,,,,
,,,,
,,,,
,,,,
,,,,
,,,,
,,,,
,,,,
,,,,
,,,,
,,,,
,,,,
,,,,
,,,,
,,,,
,,,,
,,,,
,,,,
,,,,
,,,,
,,,,
,,,,
,,,,
,,,,
,,,,
,,,,
,,,,
,,,,
,,,,
,,,,
,,,,
,,,,
,,,,
,,,,
,,,,
,,,,
,,,,
,,,,
,,,,
,,,,
,,,,
,,,,
,,,,
,,,,
,,,,
,,,,
,,,,
,,,,
,,,,
,,,,
,,,,
,,,,
,,,,
,,,,
,,,,
,,,,
,,,,
,,,,
,,,,
,,,,
,,,,
,,,,
,,,,
,,,,
,,,,
,,,,
,,,,
,,,,
,,,,
,,,,
,,,,
,,,,
,,,,
,,,,
,,,,
,,,,
,,,,
,,,,
,,,,
,,,,
,,,,
,,,,
,,,,
,,,,
,,,,
,,,,
,,,,
,,,,
,,,,
,,,,
,,,,
,,,,
,,,,
,,,,
,,,,
,,,,
,,,,
,,,,
,,,,
,,,,
,,,,
,,,,
,,,,
,,,,
,,,,
,,,,
,,,,
,,,,
,,,,
,,,,
,,,,
,,,,
,,,,
,,,,
,,,,
,,,,
,,,,
,,,,
,,,,
,,,,
,,,,
,,,,
,,,,
,,,,
,,,,
,,,,
,,,,
,,,,
,,,,
,,,,
,,,,
,,,,
,,,,
,,,,
,,,,
,,,,
,,,,
,,,,
,,,,
,,,,
,,,,
,,,,
,,,,
,,,,
,,,,
,,,,
,,,,
,,,,
,,,,
,,,,
,,,,
,,,,
,,,,
,,,,
,,,,
,,,,
,,,,
,,,,
,,,,
,,,,
,,,,
,,,,
,,,,
,,,,
,,,,
,,,,
,,,,
,,,,
,,,,
,,,,
,,,,
,,,,
,,,,
,,,,
,,,,
,,,,
,,,,
,,,,
,,,,
,,,,
,,,,
,,,,
,,,,
,,,,
,,,,
,,,,
,,,,
,,,,
,,,,
,,,,
,,,,
,,,,
,,,,
,,,,
,,,,
,,,,
,,,,
,,,,
,,,,
,,,,
,,,,
,,,,
,,,,
,,,,
,,,,
,,,,
,,,,
,,,,
,,,,
,,,,
,,,,
,,,,
,,,,
,,,,
,,,,
,,,,
,,,,
,,,,
,,,,
,,,,
,,,,
,,,,
,,,,
,,,,
,,,,
,,,,
,,,,
,,,,
,,,,
,,,,
,,,,
,,,,
,,,,
,,,,
,,,,
,,,,
,,,,
,,,,
,,,,
,,,,
,,,,
,,,,
,,,,
,,,,
,,,,
,,,,
,,,,
,,,,
,,,,
,,,,
,,,,
,,,,
,,,,
,,,,
,,,,
,,,,
,,,,
,,,,
,,,,
,,,,
,,,,
,,,,
,,,,
,,,,
,,,,
,,,,
,,,,
,,,,
,,,,
,,,,
,,,,
,,,,
,,,,
,,,,
,,,,
,,,,
,,,,
,,,,
,,,,
,,,,
,,,,
,,,,
,,,,
,,,,
,,,,
,,,,
,,,,
,,,,
,,,,
,,,,
,,,,
,,,,
,,,,
,,,,
,,,,
,,,,
,,,,
,,,,
,,,,
,,,,
,,,,
,,,,
,,,,
,,,,
,,,,
,,,,
,,,,
,,,,
,,,,
,,,,
,,,,
,,,,
,,,,
,,,,
,,,,
,,,,
,,,,
,,,,
,,,,
,,,,
,,,,
,,,,
,,,,
,,,,
,,,,
,,,,
,,,,
,,,,
,,,,
,,,,
,,,,
,,,,
,,,,
,,,,
,,,,
,,,,
,,,,
,,,,
,,,,
,,,,
,,,,
,,,,
,,,,
,,,,
,,,,
,,,,
,,,,
,,,,
,,,,
,,,,
,,,,
,,,,
,,,,
,,,,
,,,,
,,,,
,,,,
,,,,
,,,,
,,,,
,,,,
,,,,
,,,,
,,,,
,,,,
,,,,
,,,,
,,,,
,,,,
,,,,
,,,,
,,,,
,,,,
,,,,
,,,,
,,,,
,,,,
,,,,
,,,,
,,,,
,,,,
,,,,
,,,,
,,,,
,,,,
,,,,
,,,,
,,,,
,,,,
,,,,
,,,,
,,,,
,,,,
,,,,
,,,,
,,,,
,,,,
,,,,
,,,,
,,,,
,,,,
,,,,
,,,,
,,,,
,,,,
,,,,
,,,,
,,,,
,,,,
,,,,
,,,,
,,,,
,,,,
,,,,
,,,,
,,,,
,,,,
,,,,
,,,,
,,,,
,,,,
,,,,
,,,,
,,,,
,,,,
,,,,
,,,,
,,,,
,,,,
,,,,
,,,,
,,,,
,,,,
,,,,
,,,,
,,,,
,,,,
,,,,
,,,,
,,,,
,,,,
,,,,
,,,,
,,,,
,,,,
,,,,
,,,,
,,,,
,,,,
,,,,
,,,,
,,,,
,,,,
,,,,
,,,,
,,,,
,,,,
,,,,
,,,,
,,,,
,,,,
,,,,
,,,,
,,,,
,,,,
,,,,
,,,,
,,,,
,,,,
,,,,
,,,,
,,,,
,,,,
,,,,
,,,,
,,,,
,,,,
,,,,
,,,,
,,,,
,,,,
,,,,
,,,,
,,,,
,,,,
,,,,
,,,,
,,,,
,,,,
,,,,
,,,,
,,,,
,,,,
,,,,
,,,,
,,,,
,,,,
,,,,
,,,,
,,,,
,,,,
,,,,
,,,,
,,,,
,,,,
,,,,
,,,,
,,,,
,,,,
,,,,
,,,,
,,,,
,,,,
,,,,
,,,,
,,,,
,,,,
,,,,
,,,,
,,,,
,,,,
,,,,
,,,,
,,,,
,,,,
,,,,
,,,,
,,,,
,,,,
,,,,
,,,,
,,,,
,,,,
,,,,
,,,,
,,,,
,,,,
,,,,
,,,,
,,,,
,,,,
,,,,
,,,,
,,,,
,,,,
,,,,
,,,,
,,,,
,,,,
,,,,
,,,,
,,,,
,,,,
,,,,
,,,,
,,,,
,,,,
,,,,
,,,,
,,,,
,,,,
,,,,
,,,,
,,,,
,,,,
,,,,
,,,,
,,,,
,,,,
,,,,
,,,,
,,,,
,,,,
,,,,
,,,,
,,,,
,,,,
,,,,
,,,,
,,,,
,,,,
,,,,
,,,,
,,,,
,,,,
,,,,
,,,,
,,,,
,,,,
,,,,
,,,,
,,,,
,,,,
,,,,
,,,,
,,,,
,,,,
,,,,
,,,,
,,,,
,,,,
,,,,
,,,,
,,,,
,,,,
,,,,
,,,,
,,,,
,,,,
,,,,
,,,,
,,,,
,,,,
,,,,
,,,,
,,,,
,,,,
,,,,
,,,,
,,,,
,,,,
,,,,
,,,,
,,,,
,,,,
,,,,
,,,,
,,,,
,,,,
,,,,
,,,,
,,,,
,,,,
,,,,
,,,,
,,,,
,,,,
,,,,
,,,,
,,,,
,,,,
,,,,
,,,,
,,,,
,,,,
,,,,
,,,,
,,,,
,,,,
,,,,
,,,,
,,,,
,,,,
,,,,
,,,,
,,,,
,,,,
,,,,
,,,,
,,,,
,,,,
,,,,
,,,,
,,,,
,,,,
,,,,
,,,,
,,,,
,,,,
,,,,
,,,,
,,,,
,,,,
,,,,
,,,,
,,,,
,,,,
,,,,
,,,,
,,,,
,,,,
,,,,
,,,,
,,,,
,,,,
,,,,
,,,,
,,,,
,,,,
,,,,
,,,,
,,,,
,,,,
,,,,
,,,,
,,,,
,,,,
,,,,
,,,,
,,,,
,,,,
,,,,
,,,,
,,,,
,,,,
,,,,
,,,,
,,,,
,,,,
,,,,
,,,,
,,,,
,,,,
,,,,
,,,,
